ids,smiles,Y,Prediction
Phenylpropanolamine,C[C@H](N)[C@H](O)c1ccccc1,0,0.0041841
Citenamide,NC(=O)C1c2ccccc2C=Cc2ccccc21,0,0.25523
Chlorzoxazone,O=c1[nH]c2cc(Cl)ccc2o1,0,0.121339
Lindane,ClC1C(Cl)C(Cl)C(Cl)C(Cl)C1Cl,0,0.0794979
Mirex,ClC1(Cl)C2(Cl)C3(Cl)C4(Cl)C(Cl)(Cl)C5(Cl)C3(Cl)C1(Cl)C5(Cl)C24Cl,0,0.414226
Clorgyline,C#CCN(C)CCCOc1ccc(Cl)cc1Cl,0,0.0878661
Carbamazepine,NC(=O)N1c2ccccc2C=Cc2ccccc21,0,0.263598
Nordazepam,O=C1CN=C(c2ccccc2)c2cc(Cl)ccc2N1,0,0.108787
Nitrazepam,O=C1CN=C(c2ccccc2)c2cc([N+](=O)[O-])ccc2N1,0,0.0878661
Sulconazole,Clc1ccc(CS[C@@H](Cn2ccnc2)c2ccc(Cl)cc2Cl)cc1,0,0.753138
4-iodo-1-methyl-N'-[1-(1-methyl-1H-pyrazol-5-yl)ethenyl]-1H-pyrazole-3-carbohydrazide,C=C(NNC(=O)c1nn(C)cc1I)c1ccnn1C,0,0.112971
Domperidone,O=c1[nH]c2ccccc2n1CCCN1CCC(n2c(=O)[nH]c3cc(Cl)ccc32)CC1,0,0.782427
Profenamine,CCN(CC)[C@H](C)CN1c2ccccc2Sc2ccccc21,0,0.753138
Aminophylline,Cn1c(=O)c2[nH]cnc2n(C)c1=O,0,0.292887
Ketotifen,CN1CCC(=C2c3ccccc3CC(=O)c3sccc32)CC1,0,0.485356
Graveoline,Cn1c(-c2ccc3c(c2)OCO3)cc(=O)c2ccccc21,0,0.715481
Doxycycline-cyclate,C[C@H]1c2cccc(O)c2C(O)=C2C(=O)[C@]3(O)C(=O)/C(=C(/N)O)C(=O)[C@@H](N(C)C)[C@H]3[C@@H](O)[C@H]21,0,0.476987
Caffeine,Cn1c(=O)c2c(ncn2C)n(C)c1=O,0,0.313808
Propylthiouracil,CCCc1cc(=O)[nH]c(=S)[nH]1,0,0.0083682
Bicuculline,CN1CCc2cc3c(cc2[C@@H]1[C@H]1OC(=O)c2c1ccc1c2OCO1)OCO3,0,0.309623
Diazepam,CN1C(=O)CN=C(c2ccccc2)c2cc(Cl)ccc21,0,0.150628
Nortritpyline,CNCCC=C1c2ccccc2CCc2ccccc21,0,0.447699
Remerine,CN1CCc2cc3c(c4c2[C@@H]1Cc1ccccc1-4)OCO3,0,0.238494
Chlormethazone,CN1C(=O)CCS(=O)(=O)[C@H]1c1ccc(Cl)cc1,0,0.0041841
Thiopental,CCC[C@@H](C)C1(CC)C(=O)NC(=S)NC1=O,0,0.0167364
Vinclozolin,C=C[C@@]1(C)OC(=O)N(c2cc(Cl)cc(Cl)c2)C1=O,0,0.0711297
Fluconazole,OC(Cn1cncn1)(Cn1cncn1)c1ccc(F)cc1F,0,0.32636
Catechin,Oc1cc(O)c2c(c1)O[C@H](c1ccc(O)c(O)c1)[C@@H](O)C2,0,0.313808
Epicatechin,Oc1cc(O)c2c(c1)O[C@@H](c1ccc(O)c(O)c1)[C@H](O)C2,0,0.313808
Dimethadione,CC1(C)OC(=O)NC1=O,0,0.0543933
Imipramine,CN(C)CCCN1c2ccccc2CCc2ccccc21,0,0.723849
Austricine,CC1=CC(=O)C2=C(C)C[C@@H](O)[C@@H]3[C@@H](OC(=O)[C@@H]3C)[C@H]12,0,0.0627615
Delafantrine,CN1CCN(C(=O)c2cc(S(=O)(=O)N(C)C)ccc2N)CC1,0,0.041841
"(3R,4S)-3-hydroxy-2,2-dimethyl-4-(methylamino)-3,4-dihydrochromene-6-carbonitrile",CN[C@H]1c2cc(C#N)ccc2OC(C)(C)[C@@H]1O,0,0.0920502
Ofloxacin,C[C@H]1COc2c(N3CCN(C)CC3)c(F)cc3c(=O)c(C(=O)O)cn1c23,0,0.083682
Methylergonovine,CC[C@H](CO)NC(=O)[C@@H]1C=C2c3cccc4[nH]cc(c34)C[C@H]2N(C)C1,0,0.67364
Propiconazole,CCC[C@@H]1CO[C@@](Cn2cncn2)(c2ccc(Cl)cc2Cl)O1,0,0.171548
Hippeastrine,CN1CCC2=C[C@@H](O)[C@@H]3OC(=O)c4cc5c(cc4[C@H]3[C@@H]21)OCO5,0,0.100418
Ciprofloxacin,O=C(O)c1cn(C2CC2)c2cc(N3CCNCC3)c(F)cc2c1=O,0,0.1841
Ungerine,CO[C@@H]1C=C2CCN(C)[C@H]2[C@@H]2c3cc4c(cc3C(=O)O[C@@H]21)OCO4,0,0.125523
Hespertin,COc1ccc([C@H]2CC(=O)c3c(O)cc(O)cc3O2)cc1O,0,0.514644
Trimetazidine,COc1ccc(CN2CCNCC2)c(OC)c1OC,0,0.041841
Gelsemin,C=C[C@]12CN(C)[C@@H]3[C@H]4CO[C@H](C[C@@H]41)[C@@]1(C(=O)Nc4ccccc41)[C@@H]32,0,0.213389
Demeclocycline,CN(C)[C@@H]1C(=O)/C(=C(\N)O)C(=O)[C@]2(O)C(=O)C3=C(O)c4c(O)ccc(Cl)c4[C@@H](O)[C@H]3C[C@H]12,0,0.343096
Flumazenil,CCOC(=O)c1ncn2c1CN(C)C(=O)c1cc(F)ccc1-2,0,0.0627615
Danitracen,CN1CCC(=C2c3ccccc3C(O)c3ccccc32)CC1,0,0.564854
Cefaclor,N[C@@H](C(=O)N[C@@H]1C(=O)N2C(C(=O)O)=C(Cl)CS[C@H]12)c1ccccc1,0,0.083682
Ergonovine(Ergometrine),C[C@@H](CO)NC(=O)[C@@H]1C=C2c3cccc4[nH]cc(c34)C[C@@H]2N(C)C1,0,0.556485
Methysergide,CC[C@@H](CO)NC(=O)[C@H]1C=C2c3cccc4c3c(cn4C)C[C@@H]2N(C)C1,0,0.669456
Desipramine,CNCCCN1c2ccccc2CCc2ccccc21,0,0.389121
Convolamine,COc1ccc(C(=O)OC2C[C@@H]3CC[C@H](C2)N3C)cc1OC,0,0.083682
Ergocornine,CC(C)[C@H]1C(=O)N2CCC[C@H]2[C@]2(O)O[C@@](NC(=O)[C@H]3C=C4c5cccc6[nH]cc(c56)C[C@@H]4N(C)C3)(C(C)C)C(=O)N12,0,0.832636
Tiaramide,O=C(Cn1c(=O)sc2ccc(Cl)cc21)N1CCN(CCO)CC1,0,0.146444
Harmol,C[C@H]1NCCc2c1[nH]c1ccccc21,0,0.138075
Hydrocotarnine,COc1c2c(cc3c1OCO3)CCN(C)C2,0,0.083682
Isocorydine,COc1ccc2c(c1O)-c1c(OC)c(OC)cc3c1[C@H](C2)N(C)CC3,0,0.468619
Indinavir,CC(C)(C)NC(=O)[C@@H]1CN(Cc2cccnc2)CCN1C[C@H](O)C[C@H](Cc1ccccc1)C(=O)N[C@@H]1c2ccccc2C[C@@H]1O,0,0.740586
Cefmetazole,CO[C@]1(NC(=O)CSCC#N)C(=O)N2C(C(=O)O)=C(CSc3nnnn3C)CS[C@H]21,0,0.251046
Diphenylpyraline,CN1CCC(OC(c2ccccc2)c2ccccc2)CC1,0,0.338912
Boldine,COc1cc2c(cc1O)C[C@H]1c3c(cc(O)c(OC)c3-2)CCN1C,0,0.564854
Lobeline,CN1[C@@H](CC(=O)c2ccccc2)CCC[C@@H]1C[C@H](O)c1ccccc1,0,0.828452
Cefazolin,Cc1nnc(SCC2=C(C(=O)O)N3C(=O)[C@H](NC(=O)Cn4cnnn4)[C@H]3SC2)s1,0,0.405858
Flesinoxan,O=C(NCCN1CCN(c2cccc3c2OC[C@@H](CO)O3)CC1)c1ccc(F)cc1,0,0.661088
Podophyllotoxin,COc1cc([C@H]2c3cc4c(cc3[C@H](O)[C@H]3COC(=O)C23)OCO4)cc(OC)c1OC,0,0.665272
Hydrastinine,CN1CCc2cc3c(cc2[C@@H]1O)OCO3,0,0.0627615
Etoposide,COc1cc([C@H]2c3cc4c(cc3[C@H](O[C@@H]3O[C@@H]5CO[C@@H](C)O[C@H]5[C@@H](O)[C@@H]3O)[C@H]3COC(=O)[C@H]23)OCO4)cc(OC)c1O,0,0.355649
Lycorine,O[C@H]1C=C2CCN3Cc4cc5c(cc4[C@H]([C@@H]1O)[C@H]23)OCO5,0,0.041841
Cinoxacin,CCn1nc(C(=O)O)c(=O)c2cc3c(cc21)OCO3,0,0.0167364
Azaconazole,Clc1ccc(C2(Cn3cncn3)OCCO2)c(Cl)c1,0,0.100418
N-[4-[4-(2-methoxyphenyl)piperazin-1-yl]butyl]naphthalene-2-carboxamide,COc1ccccc1N1CCN(CCCCNC(=O)c2ccc3ccccc3c2)CC1,0,0.987448
Ethosuximide,CC[C@]1(C)CC(=O)NC1=O,0,0.0376569
Fexofenadine,CC(C)(C(=O)O)c1ccc([C@H](O)CCCN2CCC(C(O)(c3ccccc3)c3ccccc3)CC2)cc1,0,0.242678
2-[4-[2-(3-phenylpropanoyloxy)ethyl]piperazin-1-yl]ethyl3-phenylpropanoate,O=C(CCc1ccccc1)OCCN1CCN(CCOC(=O)CCc2ccccc2)CC1,0,0.832636
Fleroxacin,CN1CCN(c2c(F)cc3c(=O)c(C(=O)O)cn(CCF)c3c2F)CC1,0,0.1841
Morphine,CN1CC[C@@]23c4c5ccc(O)c4O[C@H]2[C@H](O)C=C[C@H]3[C@@H]1C5,0,0.171548
2-[2-[2-(4-benzhydrylidenepiperidin-1-yl)ethoxy]ethoxy]aceticacid,O=C(O)COCCOCCN1CCC(=C(c2ccccc2)c2ccccc2)CC1,0,0.200837
Pirenzapine,CN1CCN(CC(=O)N2c3ccccc3C(=O)Nc3cccnc32)CC1,0,0.577406
Calycanthine,CN1CC[C@@]23c4ccccc4N[C@@H]1[C@@]21CCN(C)[C@H]3Nc2ccccc21,0,0.67364
Tetramisole,c1ccc([C@@H]2CN3CCSC3=N2)cc1,0,0.0334728
Pefloxacin,CCn1cc(C(=O)O)c(=O)c2cc(F)c(N3CCN(C)CC3)cc21,0,0.25523
Zolertine,c1ccc(N2CCN(CCc3nn[nH]n3)CC2)cc1,0,0.338912
Propericiazine,N#Cc1ccc2c(c1)N(CCCN1CCC(O)CC1)c1ccccc1S2,0,0.891213
Phyllabine,COc1cc(C(=O)OC2C[C@@H]3CC[C@H](C2)N3C)ccc1O,0,0.117155
Metopimazine,CS(=O)(=O)c1ccc2c(c1)N(CCCN1CCC(C(N)=O)CC1)c1ccccc1S2,0,0.615063
Diethylcarbamazine,CCN(CC)C(=O)N1CCN(C)CC1,0,0.0125523
Trimethadione,CN1C(=O)OC(C)(C)C1=O,0,0.0627615
Cefoperazone,CCN1CCN(C(=O)N[C@H](C(=O)N[C@H]2C(=O)N3C(C(=O)O)=C(CSc4nnnn4C)CS[C@@H]23)c2ccc(O)cc2)C(=O)C1=O,0,0.167364
Lomefloxacin,CCn1cc(C(=O)O)c(=O)c2cc(F)c(N3CCN[C@H](C)C3)c(F)c21,0,0.129707
Metampicillin,C=N[C@@H](C(=O)N[C@@H]1C(=O)[C@H]2[C@@H]1SC(C)(C)[C@@H]2C(=O)O)c1ccccc1,0,0.192469
Amoxicillin,CC1(C)S[C@H]2[C@@H](NC(=O)[C@@H](N)c3ccc(O)cc3)C(=O)N2[C@@H]1C(=O)O,0,0.251046
Cephapirin,CC(=O)OCC1=C(C(=O)O)N2C(=O)[C@H](NC(=O)CSc3ccncc3)[C@H]2SC1,0,0.167364
Azlocillin,CC1(C)S[C@@H]2C(NC(=O)[C@@H](NC(=O)N3CCNC3=O)c3ccccc3)C(=O)N2[C@H]1C(=O)O,0,0.125523
2-[4-[2-(2-phenylacetyl)oxyethyl]piperazin-1-yl]ethyl2-phenylacetate,O=C(Cc1ccccc1)OCCN1CCN(CCOC(=O)Cc2ccccc2)CC1,0,0.769874
Cephalothin,CC(=O)OCC1=C(C(=O)O)N2C(=O)[C@H](NC(=O)Cc3cccs3)[C@@H]2SC1,0,0.158996
Atropine,CN1[C@H]2CC[C@@H]1CC(OC(=O)[C@H](CO)c1ccccc1)C2,0,0.146444
Piperacillin,CCN1CCN(C(=O)N[C@@H](C(=O)NC2C(=O)N3[C@H]2SC(C)(C)[C@H]3C(=O)O)c2ccccc2)C(=O)C1=O,0,0.108787
Ketanserin,O=C(c1ccc(F)cc1)C1CCN(CCn2c(=O)[nH]c3ccccc3c2=O)CC1,0,0.857741
Alfentanil,CCC(=O)N(c1ccccc1)C1(COC)CCN(CCn2nnn(CC)c2=O)CC1,0,0.761506
Carbenicillin,CC1(C)S[C@H]2[C@H](NC(=O)[C@H](C(=O)O)c3ccccc3)C(=O)N2[C@@H]1C(=O)O,0,0.16318
Nalbuphine,Oc1ccc2c3c1O[C@H]1[C@@H](O)CC[C@@]4(O)[C@H](C2)N(CC2CCC2)CC[C@@]314,0,0.125523
Galantamine,COc1ccc2c3c1O[C@H]1C[C@@H](O)C=C[C@]31CCN(C)C2,0,0.146444
Scopolamine,CN1[C@H]2CC(OC(=O)[C@@H](CO)c3ccccc3)C[C@@H]1[C@H]1O[C@@H]21,0,0.171548
Nitrarine,c1ccc2c3c([nH]c2c1)[C@H]1[C@H]2CC[C@@H]([C@H]4CCCNC42)N1CC3,0,0.351464
Norfloxacin,CCn1cc(C(=O)O)c(=O)c2cc(F)c(N3CCNCC3)cc21,0,0.167364
Dropropizine,OC[C@@H](O)CN1CCN(c2ccccc2)CC1,0,0.129707
Naltrexone,O=C1CC[C@@]2(O)[C@@H]3Cc4ccc(O)c5c4[C@]2(CCN3CC2CC2)[C@H]1O5,0,0.129707
Moclobemide,O=C(NCCN1CCOCC1)c1ccc(Cl)cc1,0,0.0376569
Naloxone,C=CCN1CC[C@@]23c4c5ccc(O)c4O[C@H]2C(=O)CC[C@@]3(O)[C@@H]1C5,0,0.138075
Enoxacin,CCn1cc(C(=O)O)c(=O)c2cc(F)c(N3CCNCC3)nc21,0,0.108787
Aposcopolamine,C=C(C(=O)OC1C[C@H]2[C@@H]3O[C@@H]3[C@@H](C1)N2C)c1ccccc1,0,0.1841
Pipernidic acid,CCn1cc(C(=O)O)c(=O)c2cnc(N3CCNCC3)nc21,0,0.0460251
Cefuroxime,CO/N=C(/C(=O)N[C@@H]1C(=O)N2C(C(=O)O)=C(COC(N)=O)CS[C@H]12)c1ccco1,0,0.171548
Hesperidin,COc1ccc([C@@H]2CC(=O)c3c(O)cc(O[C@H]4O[C@@H](CO[C@H]5O[C@H](C)[C@H](O)[C@H](O)[C@@H]5O)[C@H](O)[C@@H](O)[C@H]4O)cc3O2)cc1O,0,0.552301
Naringin,C[C@@H]1O[C@H](O[C@@H]2[C@@H](Oc3cc(O)c4c(c3)O[C@H](c3ccc(O)cc3)CC4=O)O[C@@H](CO)[C@@H](O)[C@H]2O)[C@H](O)[C@H](O)[C@H]1O,0,0.51046
1-Phenethylpiperidine,c1ccc(CCN2CCCCC2)cc1,0,0.0794979
Phenylpropanolamine,C[C@H](N)[C@H](O)c1ccccc1,0,0.0041841
Nicardipine,COC(=O)C1=C(C)NC(C)=C(C(=O)OCCN(C)Cc2ccccc2)[C@@H]1c1cccc([N+](=O)[O-])c1,1,0.933054
"N-[2-[(3-acetyl-2,4,6-trimethylphenyl)methylsulfanyl]-1,3-benzothiazol-6-yl]-3-phenylpropanamide",CC(=O)c1c(C)cc(C)c(CSc2nc3ccc(NC(=O)CCc4ccccc4)cc3s2)c1C,1,0.782427
"6-amino-4-[4-(dimethylamino)phenyl]-3-(4-methylphenyl)-4H-pyrano[2,3-c]pyrazole-5-carbonitrile",Cc1ccc(-c2n[nH]c3c2[C@H](c2ccc(N(C)C)cc2)C(C#N)=C(N)O3)cc1,1,0.861925
"N-[2-[(3-acetyl-2,4,6-trimethylphenyl)methylsulfanyl]-1,3-benzothiazol-6-yl]-4-tert-butylbenzamide",CC(=O)c1c(C)cc(C)c(CSc2nc3ccc(NC(=O)c4ccc(C(C)(C)C)cc4)cc3s2)c1C,1,0.757322
"N-[2-[(3-acetyl-2,4,6-trimethylphenyl)methylsulfanyl]-1,3-benzothiazol-6-yl]-4-butoxybenzamide",CCCCOc1ccc(C(=O)Nc2ccc3nc(SCc4c(C)cc(C)c(C(C)=O)c4C)sc3c2)cc1,1,0.849372
"3-(4-{4,5-bis[4-(dimethylamino)phenyl]imidazol-2-yl}phenyl)prop-2-enenitrile",CN(C)c1ccc(-c2nc(-c3ccc(/C=C/C#N)cc3)[nH]c2-c2ccc(N(C)C)cc2)cc1,1,0.748954
4-[2-[4-[(E)-3-ethoxyprop-1-enyl]phenyl]-5-(4-fluorophenyl)imidazol-4-yl]-N-propan-2-ylaniline,CCOC/C=C/c1ccc(-c2nc(-c3ccc(F)cc3)c(-c3ccc(NC(C)C)cc3)[nH]2)cc1,1,0.807531
4-[2-[4-[(E)-3-ethoxyprop-1-enyl]phenyl]imidazol-4-yl]-N-propan-2-ylaniline,CCOC/C=C/c1ccc(-c2ncc(-c3ccc(NC(C)C)cc3)[nH]2)cc1,1,0.732218
"4-{2-[4-(3-ethoxyprop-1-en-1-yl)phenyl]imidazol-4-yl}-N,N-diethylaniline",CCOC/C=C/c1ccc(-c2ncc(-c3ccc(N(CC)CC)cc3)[nH]2)cc1,1,0.761506
"4-{2-[4-(3-ethoxyprop-1-en-1-yl)phenyl]imidazol-4-yl}-N,N-dipropylaniline",CCCN(CCC)c1ccc(-c2cnc(-c3ccc(/C=C/COCC)cc3)[nH]2)cc1,1,0.76569
"4-{5-[4-(dimethylamino)phenyl]-2-{4-[3-(2-methoxyethoxy)prop-1-en-1-yl]phenyl}imidazol-4-yl}-N,N-dimethylaniline",COCCOC/C=C/c1ccc(-c2nc(-c3ccc(N(C)C)cc3)c(-c3ccc(N(C)C)cc3)[nH]2)cc1,1,0.719665
4-[2-[4-[(E)-3-ethoxyprop-1-enyl]phenyl]imidazol-4-yl]-N-(2-methylpropyl)aniline,CCOC/C=C/c1ccc(-c2ncc(-c3ccc(NCC(C)C)cc3)[nH]2)cc1,1,0.732218
Clindamycin,CCC[C@@H]1C[C@H](C(=O)N[C@H]([C@@H]2O[C@@H](SC)[C@H](O)[C@@H](O)[C@@H]2O)[C@@H](C)Cl)N(C)C1,1,0.112971
"4-[5-(4-dimethylaminophenyl)-2-[4-[(E)-3-ethoxyprop-1-enyl]phenyl]imidazol-4-yl]-N,N-dimethylaniline",CCOC/C=C/c1ccc(-c2nc(-c3ccc(N(C)C)cc3)c(-c3ccc(N(C)C)cc3)[nH]2)cc1,1,0.728033
"4-{5-[4-(dimethylamino)phenyl]-2-[4-(3-methoxyprop-1-en-1-yl)phenyl]imidazol-4-yl}-N,N-dimethylaniline",COC/C=C/c1ccc(-c2nc(-c3ccc(N(C)C)cc3)c(-c3ccc(N(C)C)cc3)[nH]2)cc1,1,0.732218
4-[5-(4-dimethylaminophenyl)-2-[4-[(E)-3-ethoxyprop-1-enyl]phenyl]imidazol-4-yl]-N-methylaniline,CCOC/C=C/c1ccc(-c2nc(-c3ccc(NC)cc3)c(-c3ccc(N(C)C)cc3)[nH]2)cc1,1,0.728033
4-{2-[4-(3-ethoxyprop-1-en-1-yl)phenyl]-5-[4-(propan-2-ylamino)phenyl]imidazol-4-yl}-N-ethylaniline,CCNc1ccc(-c2nc(-c3ccc(/C=C/COCC)cc3)[nH]c2-c2ccc(NC(C)C)cc2)cc1,1,0.715481
"N-{2-[({1-[2-(3,4-dimethoxyphenyl)ethyl]pyrrolidin-2-yl}methyl)carbamoyl]phenyl}quinoline-3-carboxamide",COC(=O)/C=C/c1ccc(-c2nc(-c3ccc(N(C)C)cc3)c(-c3ccc(N)cc3)[nH]2)cc1,1,0.711297
"4-[2-[4-[(E)-3-butoxyprop-1-enyl]phenyl]-5-(4-dimethylaminophenyl)imidazol-4-yl]-N,N-dimethylaniline",CCCCOC/C=C/c1ccc(-c2nc(-c3ccc(N(C)C)cc3)c(-c3ccc(N(C)C)cc3)[nH]2)cc1,1,0.719665
"4-{5-[4-(diethylamino)phenyl]-2-[4-(3-ethoxyprop-1-en-1-yl)phenyl]imidazol-4-yl}-N,N-diethylaniline",CCOC/C=C/c1ccc(-c2nc(-c3ccc(N(CC)CC)cc3)c(-c3ccc(N(CC)CC)cc3)[nH]2)cc1,1,0.531381
"methyl 3-(4-{4,5-bis[4-(dimethylamino)phenyl]imidazol-2-yl}phenyl)prop-2-enoate",COC(=O)/C=C/c1ccc(-c2nc(-c3ccc(N(C)C)cc3)c(-c3ccc(N(C)C)cc3)[nH]2)cc1,1,0.76569
4-[2-[4-[(E)-3-ethoxyprop-1-enyl]phenyl]-5-[4-(propan-2-ylamino)phenyl]imidazol-4-yl]-N-propan-2-ylaniline,CCOC/C=C/c1ccc(-c2nc(-c3ccc(NC(C)C)cc3)c(-c3ccc(NC(C)C)cc3)[nH]2)cc1,1,0.711297
"4-{2-[4-(3-ethoxyprop-1-en-1-yl)phenyl]-5-[4-(methylamino)phenyl]imidazol-4-yl}-N,N-diethylaniline",CCOC/C=C/c1ccc(-c2nc(-c3ccc(NC)cc3)c(-c3ccc(N(CC)CC)cc3)[nH]2)cc1,1,0.715481
4-[2-[4-[(E)-3-ethoxyprop-1-enyl]phenyl]-5-[4-(methylamino)phenyl]imidazol-4-yl]-N-propan-2-ylaniline,CCOC/C=C/c1ccc(-c2nc(-c3ccc(NC)cc3)c(-c3ccc(NC(C)C)cc3)[nH]2)cc1,1,0.715481
"3-(4-{4,5-bis[4-(dimethylamino)phenyl]imidazol-2-yl}phenyl)prop-2-enoic acid",CN(C)c1ccc(-c2nc(-c3ccc(/C=C/C(=O)O)cc3)[nH]c2-c2ccc(N(C)C)cc2)cc1,1,0.200837
"[(E)-3-[4-[4,5-bis(4-dimethylaminophenyl)imidazol-2-yl]phenyl]prop-2-enyl]pentanoate",CCCCC(=O)OC/C=C/c1ccc(-c2nc(-c3ccc(N(C)C)cc3)c(-c3ccc(N(C)C)cc3)[nH]2)cc1,1,0.790795
methyl 3-(4-{4-[4-(dimethylamino)phenyl]-5-[4-(methylamino)phenyl]imidazol-2-yl}phenyl)prop-2-enoate,CNc1ccc(-c2[nH]c(-c3ccc(/C=C/C(=O)OC)cc3)nc2-c2ccc(N(C)C)cc2)cc1,1,0.736402
"4-[5-(4-dimethylaminophenyl)-2-[4-[(E)-3-(dimethylamino)prop-1-enyl]phenyl]imidazol-3-ium-1-id-4-yl]-N,N-dimethylaniline",CN(C)C/C=C/c1ccc(-c2nc(-c3ccc(N(C)C)cc3)c(-c3ccc(N(C)C)cc3)[nH]2)cc1,1,0.656904
methyl 3-(4-{4-[4-(dibutylamino)phenyl]-5-[4-(methylamino)phenyl]imidazol-2-yl}phenyl)prop-2-enoate,CCCCN(CCCC)c1ccc(-c2nc(-c3ccc(/C=C/C(=O)OC)cc3)[nH]c2-c2ccc(NC)cc2)cc1,1,0.774059
methyl 3-(4-{4-[4-(dipropylamino)phenyl]-5-[4-(methylamino)phenyl]imidazol-2-yl}phenyl)prop-2-enoate,CCCN(CCC)c1ccc(-c2nc(-c3ccc(/C=C/C(=O)OC)cc3)[nH]c2-c2ccc(NC)cc2)cc1,1,0.778243
"methyl 3-(4-{4,5-bis[4-(methylamino)phenyl]imidazol-2-yl}phenyl)prop-2-enoate",CNc1ccc(-c2nc(-c3ccc(/C=C/C(=O)OC)cc3)[nH]c2-c2ccc(NC)cc2)cc1,1,0.698745
methyl 3-{4-[4-(4-aminophenyl)-5-[4-(diethylamino)phenyl]imidazol-2-yl]phenyl}prop-2-enoate,CCN(CC)c1ccc(-c2nc(-c3ccc(/C=C/C(=O)OC)cc3)[nH]c2-c2ccc(N)cc2)cc1,1,0.748954
"methyl(E)-3-[4-[4,5-bis[4-[bis(prop-2-enyl)amino]phenyl]imidazol-2-yl]phenyl]prop-2-enoate",C=CCN(CC=C)c1ccc(-c2nc(-c3ccc(/C=C/C(=O)OC)cc3)[nH]c2-c2ccc(N(CC=C)CC=C)cc2)cc1,1,0.502092
"N-[2-[(3-acetyl-2,4,6-trimethylphenyl)methylsulfanyl]-1,3-benzothiazol-6-yl]naphthalene-1-carboxamide",CC(=O)c1c(C)cc(C)c(CSc2nc3ccc(NC(=O)c4cccc5ccccc45)cc3s2)c1C,1,0.803347
methyl 3-(4-{4-[4-(methylamino)phenyl]-5-[4-(propan-2-ylamino)phenyl]imidazol-2-yl}phenyl)prop-2-enoate,CNc1ccc(-c2[nH]c(-c3ccc(/C=C/C(=O)OC)cc3)nc2-c2ccc(NC(C)C)cc2)cc1,1,0.748954
"methyl 3-(4-{4,5-bis[4-(diethylamino)phenyl]imidazol-2-yl}phenyl)prop-2-enoate",CCN(CC)c1ccc(-c2nc(-c3ccc(/C=C/C(=O)OC)cc3)[nH]c2-c2ccc(N(CC)CC)cc2)cc1,1,0.740586
"3-(4-{4,5-bis[4-(dimethylamino)phenyl]imidazol-2-yl}phenyl)prop-2-en-1-yl N,N-diethylcarbamate",CCN(CC)C(=O)OC/C=C/c1ccc(-c2nc(-c3ccc(N(C)C)cc3)c(-c3ccc(N(C)C)cc3)[nH]2)cc1,1,0.782427
4-[4-[2-[4-[(E)-3-ethoxyprop-1-enyl]phenyl]imidazol-4-yl]phenyl]morpholine,CCOC/C=C/c1ccc(-c2ncc(-c3ccc(N4CCOCC4)cc3)[nH]2)cc1,1,0.769874
methyl 3-(4-{4-[4-(diethylamino)phenyl]-5-[4-(methylamino)phenyl]imidazol-2-yl}phenyl)prop-2-enoate,CCN(CC)c1ccc(-c2nc(-c3ccc(/C=C/C(=O)OC)cc3)[nH]c2-c2ccc(NC)cc2)cc1,1,0.76569
"methyl 4-{4,5-bis[4-(dimethylamino)phenyl]imidazol-2-yl}benzoate",COC(=O)c1ccc(-c2nc(-c3ccc(N(C)C)cc3)c(-c3ccc(N(C)C)cc3)[nH]2)cc1,1,0.753138
Proadifen,CCCC(C(=O)OCCN(CC)CC)(c1ccccc1)c1ccccc1,1,0.573222
"4-{5-[4-(dimethylamino)phenyl]-2-[4-(3-phenoxyprop-1-en-1-yl)phenyl]imidazol-4-yl}-N,N-dimethylaniline",CN(C)c1ccc(-c2nc(-c3ccc(/C=C/COc4ccccc4)cc3)[nH]c2-c2ccc(N(C)C)cc2)cc1,1,0.732218
"methyl(3R,4S)-3-(methoxymethoxy)-4-[methyl(phenylmethoxycarbonyl)amino]-5-phenylpentanoate",COCO[C@H](CC(=O)OC)[C@H](Cc1ccccc1)N(C)C(=O)OCc1ccccc1,1,0.882845
"4-{5-[4-(dimethylamino)phenyl]-2-{4-[3-(morpholin-4-yl)prop-1-en-1-yl]phenyl}imidazol-4-yl}-N,N-dimethylaniline",CN(C)c1ccc(-c2nc(-c3ccc(/C=C/CN4CCOCC4)cc3)[nH]c2-c2ccc(N(C)C)cc2)cc1,1,0.65272
4-[4-[2-[4-[(Z)-3-ethoxyprop-1-enyl]phenyl]-5-(4-morpholin-4-ylphenyl)imidazol-4-yl]phenyl]morpholine,CCOC/C=C\c1ccc(-c2nc(-c3ccc(N4CCOCC4)cc3)c(-c3ccc(N4CCOCC4)cc3)[nH]2)cc1,1,0.702929
"methyl(3R,4S)-3-hydroxy-4-[methyl(phenylmethoxycarbonyl)amino]-5-phenylpentanoate",COC(=O)C[C@@H](O)[C@H](Cc1ccccc1)N(C)C(=O)OCc1ccccc1,1,0.711297
"methyl 3-(4-{4,5-bis[4-(dimethylamino)phenyl]imidazol-2-yl}phenyl)propanoate",COC(=O)CCc1ccc(-c2nc(-c3ccc(N(C)C)cc3)c(-c3ccc(N(C)C)cc3)[nH]2)cc1,1,0.794979
"methyl 4-{4,5-bis[4-(dimethylamino)phenyl]-1-hexyl-1H-imidazol-2-yl}benzoate",CCCCCCn1c(-c2ccc(C(=O)OC)cc2)nc(-c2ccc(N(C)C)cc2)c1-c1ccc(N(C)C)cc1,1,0.799163
"methyl 2-(4-{4,5-bis[4-(dimethylamino)phenyl]imidazol-2-yl}phenyl)cyclopropane-1-carboxylate",COC(=O)[C@H]1C[C@H]1c1ccc(-c2nc(-c3ccc(N(C)C)cc3)c(-c3ccc(N(C)C)cc3)[nH]2)cc1,1,0.757322
"4-(2-{4-[3-(benzyloxy)prop-1-en-1-yl]phenyl}-5-[4-(dimethylamino)phenyl]imidazol-4-yl)-N,N-dimethylaniline",CN(C)c1ccc(-c2nc(-c3ccc(/C=C/COCc4ccccc4)cc3)[nH]c2-c2ccc(N(C)C)cc2)cc1,1,0.774059
Nitrendipine,CCOC(=O)C1=C(C)NC(C)=C(C(=O)OC)[C@H]1c1cccc([N+](=O)[O-])c1,1,0.146444
"(4R)-N-(2-ethoxyphenyl)-6-methyl-2-sulfanylidene-4-thiophen-2-yl-3,4-dihydro-1H-pyrimidine-5-carboxamide",CCOc1ccccc1NC(=O)C1=C(C)NC(=S)N[C@H]1c1cccs1,1,0.368201
Hydramethylnon,CC1(C)CN=C(NN=C(/C=C/c2ccc(C(F)(F)F)cc2)/C=C/c2ccc(C(F)(F)F)cc2)NC1,1,0.761506
Oxymetazoline,Cc1cc(C(C)(C)C)c(O)c(C)c1CC1=NCCN1,1,0.0502092
"4-{5-[4-(dimethylamino)phenyl]-2-[4-(4-methoxybutyl)phenyl]imidazol-4-yl}-N,N-dimethylaniline",COCCCCc1ccc(-c2nc(-c3ccc(N(C)C)cc3)c(-c3ccc(N(C)C)cc3)[nH]2)cc1,1,0.748954
Mibefradil,COCC(=O)O[C@@]1(CCN(C)CCCc2nc3ccccc3[nH]2)CCc2cc(F)ccc2[C@@H]1C(C)C,1,0.74477
"4-{5-[4-(dimethylamino)phenyl]-2-[4-(3-methoxypropyl)phenyl]imidazol-4-yl}-N,N-dimethylaniline",COCCCc1ccc(-c2nc(-c3ccc(N(C)C)cc3)c(-c3ccc(N(C)C)cc3)[nH]2)cc1,1,0.736402
Cefotaxime,CO/N=C(/C(=O)N[C@H]1C(=O)N2C(C(=O)O)=C(COC(C)=O)CS[C@@H]12)c1csc(N)n1,1,0.200837
Saquinavir,CC(C)(C)NC(=O)[C@H]1C[C@@H]2CCCC[C@H]2CN1C[C@@H](O)[C@H](Cc1ccccc1)NC(=O)[C@@H](CC(N)=O)NC(=O)c1ccc2ccccc2n1,1,0.736402
"4-{4,5-bis[4-(dimethylamino)phenyl]-1-hexyl-1H-imidazol-2-yl}benzoic acid",CCCCCCn1c(-c2ccc(C(=O)O)cc2)nc(-c2ccc(N(C)C)cc2)c1-c1ccc(N(C)C)cc1,1,0.334728
Oxybutynin,CCN(CC)CC#CCOC(=O)[C@](O)(c1ccccc1)C1CCCCC1,1,0.527197
"4-{4,5-bis[4-(dimethylamino)phenyl]imidazol-2-yl}phenol",CN(C)c1ccc(-c2nc(-c3ccc(O)cc3)[nH]c2-c2ccc(N(C)C)cc2)cc1,1,0.631799
"N-[2-[[4-[2-[(3,4-dimethoxyphenyl)methyl-methylamino]ethyl]phenyl]carbamoyl]phenyl]quinoxaline-2-carboxamide",COc1ccc(CN(C)CCc2ccc(NC(=O)c3ccccc3NC(=O)c3cnc4ccccc4n3)cc2)cc1OC,1,0.966527
N-[2-[[4-[2-[(4-hydroxy-3-methoxyphenyl)methyl-methylamino]ethyl]phenyl]carbamoyl]phenyl]quinoline-3-carboxamide,COc1cc(CN(C)CCc2ccc(NC(=O)c3ccccc3NC(=O)c3cnc4ccccc4c3)cc2)ccc1O,1,0.937238
4-[2-[4-[(E)-3-ethoxyprop-1-enyl]phenyl]-5-(4-pyrrolidin-1-ylphenyl)imidazol-4-yl]-N-methylaniline,CCOC/C=C/c1ccc(-c2nc(-c3ccc(NC)cc3)c(-c3ccc(N4CCCC4)cc3)[nH]2)cc1,1,0.711297
Nelfinavir,Cc1c(O)cccc1C(=O)N[C@@H](CSc1ccccc1)[C@H](O)CN1C[C@H]2CCCC[C@H]2C[C@H]1C(=O)NC(C)(C)C,1,0.774059
"methyl(E)-3-[4-[4,5-bis(4-pyrrolidin-1-ylphenyl)imidazol-2-yl]phenyl]prop-2-enoate",COC(=O)/C=C/c1ccc(-c2nc(-c3ccc(N4CCCC4)cc3)c(-c3ccc(N4CCCC4)cc3)[nH]2)cc1,1,0.76569
Tolafentrine,COc1cc2c(cc1OC)[C@H]1CN(C)CC[C@H]1N=C2c1ccc(NS(=O)(=O)c2ccc(C)cc2)cc1,1,0.916318
"tert-butyl2-[benzyl-[(3R,4S)-6-cyano-3-hydroxy-2,2-dimethyl-3,4-dihydrochromen-4-yl]amino]acetate",CC(C)(C)OC(=O)CN(Cc1ccccc1)[C@H]1c2cc(C#N)ccc2OC(C)(C)[C@@H]1O,1,0.58159
Antazoline,c1ccc(CN(CC2=NCCN2)c2ccccc2)cc1,1,0.1841
"N-[2-[(2R)-6,7-dimethoxy-3,4-dihydro-1H-isoquinolin-2-yl]ethyl]-3-methyl-2-[(4-propan-2-ylbenzoyl)amino]benzamide",COc1cc2c(cc1OC)CN(CCNC(=O)c1cccc(C)c1NC(=O)c1ccc(C(C)C)cc1)CC2,1,0.991632
"4-amino-N-[2-[(2R)-6,7-dimethoxy-3,4-dihydro-1H-isoquinolin-2-yl]ethyl]-2-[(4-propan-2-ylbenzoyl)amino]benzamide",COc1cc2c(cc1OC)CN(CCNC(=O)c1ccc(N)cc1NC(=O)c1ccc(C(C)C)cc1)CC2,1,0.824268
N-[2-[[4-[2-[(3-hydroxy-4-methoxyphenyl)methyl-methylamino]ethyl]phenyl]carbamoyl]phenyl]quinoline-3-carboxamide,COc1ccc(CN(C)CCc2ccc(NC(=O)c3ccccc3NC(=O)c3cnc4ccccc4c3)cc2)cc1O,1,0.941423
"N-[2-[[4-[2-[2-(3,4-dimethoxyphenyl)ethyl-methylamino]ethyl]phenyl]carbamoyl]phenyl]quinoline-3-carboxamide",COc1ccc(CCN(C)CCc2ccc(NC(=O)c3ccccc3NC(=O)c3cnc4ccccc4c3)cc2)cc1OC,1,0.970711
"4-{5-[4-(dimethylamino)phenyl]-2-{4-[3-(piperidin-1-yl)prop-1-en-1-yl]phenyl}imidazol-4-yl}-N,N-dimethylaniline",CN(C)c1ccc(-c2nc(-c3ccc(/C=C/CN4CCCCC4)cc3)[nH]c2-c2ccc(N(C)C)cc2)cc1,1,0.661088
"2-[(4-cyclohexylbenzoyl)amino]-N-[2-[(2R)-6,7-dimethoxy-3,4-dihydro-1H-isoquinolin-2-yl]ethyl]benzamide",COc1cc2c(cc1OC)CN(CCNC(=O)c1ccccc1NC(=O)c1ccc(C3CCCCC3)cc1)CC2,1,0.979079
"3-chloro-N-[2-[(2R)-6,7-dimethoxy-3,4-dihydro-1H-isoquinolin-2-yl]ethyl]-2-[(4-propan-2-ylbenzoyl)amino]benzamide",COc1cc2c(cc1OC)CN(CCNC(=O)c1cccc(Cl)c1NC(=O)c1ccc(C(C)C)cc1)CC2,1,0.953975
"4-chloro-N-[2-[(2R)-6,7-dimethoxy-3,4-dihydro-1H-isoquinolin-2-yl]ethyl]-2-[(4-propan-2-ylbenzoyl)amino]benzamide",COc1cc2c(cc1OC)CN(CCNC(=O)c1ccc(Cl)cc1NC(=O)c1ccc(C(C)C)cc1)CC2,1,0.970711
"5-chloro-N-[2-[(2R)-6,7-dimethoxy-3,4-dihydro-1H-isoquinolin-2-yl]ethyl]-2-[(4-propan-2-ylbenzoyl)amino]benzamide",COc1cc2c(cc1OC)CN(CCNC(=O)c1cc(Cl)ccc1NC(=O)c1ccc(C(C)C)cc1)CC2,1,0.966527
"2-[(4-cyclohexyloxybenzoyl)amino]-N-[2-[(2R)-6,7-dimethoxy-3,4-dihydro-1H-isoquinolin-2-yl]ethyl]benzamide",COc1cc2c(cc1OC)CN(CCNC(=O)c1ccccc1NC(=O)c1ccc(OC3CCCCC3)cc1)CC2,1,0.966527
Pumafentrine,CCOc1cc2c(cc1OC)C(c1ccc(C(=O)N(C(C)C)C(C)C)cc1)=N[C@@H]1CCN(C)C[C@H]21,1,0.933054
Niguldipine,COC(=O)C1=C(C)NC(C)=C(C(=O)OCCCN2CCC(c3ccccc3)(c3ccccc3)CC2)[C@H]1c1cccc([N+](=O)[O-])c1,1,0.937238
Dexniguldipine,COC(=O)C1=C(C)NC(C)=C(C(=O)OCCCN2CCC(c3ccccc3)(c3ccccc3)CC2)[C@H]1c1cccc([N+](=O)[O-])c1,1,0.937238
"N-[2-[2-[(2S)-6,7-dimethoxy-3,4-dihydro-1H-isoquinolin-2-yl]ethylcarbamoyl]phenyl]naphthalene-2-carboxamide",COc1cc2c(cc1OC)CN(CCNC(=O)c1ccccc1NC(=O)c1ccc3ccccc3c1)CC2,1,0.991632
"2-[(4-tert-butylbenzoyl)amino]-N-[2-[(2R)-6,7-dimethoxy-3,4-dihydro-1H-isoquinolin-2-yl]ethyl]benzamide",COc1cc2c(cc1OC)CN(CCNC(=O)c1ccccc1NC(=O)c1ccc(C(C)(C)C)cc1)CC2,1,0.974895
"N-[2-[[(2S)-2-[(3,4-dimethoxyphenyl)methyl]-3,4-dihydro-1H-isoquinolin-7-yl]carbamoyl]phenyl]quinoxaline-2-carboxamide",COc1ccc(CN2CCc3ccc(NC(=O)c4ccccc4NC(=O)c4cnc5ccccc5n4)cc3C2)cc1OC,1,0.987448
"N-[2-[[(1R,2S)-2-(4-phenylpiperazin-1-yl)cyclohexyl]carbamoyl]phenyl]quinoline-3-carboxamide",O=C(Nc1ccccc1C(=O)N[C@@H]1CCCC[C@@H]1N1CCN(c2ccccc2)CC1)c1cnc2ccccc2c1,1,0.983264
Mebendazole,COC(=O)Nc1nc2ccc(C(=O)c3ccccc3)cc2[nH]1,1,0.167364
"N-[2-[2-[(2R)-6,7-dimethoxy-3,4-dihydro-1H-isoquinolin-2-yl]ethylcarbamoyl]phenyl]isoquinoline-3-carboxamide",COc1cc2c(cc1OC)CN(CCNC(=O)c1ccccc1NC(=O)c1cc3ccccc3cn1)CC2,1,0.991632
"2-chloro-N-[2-[(2R)-6,7-dimethoxy-3,4-dihydro-1H-isoquinolin-2-yl]ethyl]-6-[(4-propan-2-ylbenzoyl)amino]benzamide",COc1cc2c(cc1OC)CN(CCNC(=O)c1c(Cl)cccc1NC(=O)c1ccc(C(C)C)cc1)CC2,1,0.958159
"N-[2-[[4-[[(2S)-6,7-dimethoxy-3,4-dihydro-1H-isoquinolin-2-yl]methyl]phenyl]carbamoyl]phenyl]quinoline-3-carboxamide",COc1cc2c(cc1OC)CN(Cc1ccc(NC(=O)c3ccccc3NC(=O)c3cnc4ccccc4c3)cc1)CC2,1,0.991632
Manidipine,COC(=O)C1=C(C)NC(C)=C(C(=O)OCCN2CCN(C(c3ccccc3)c3ccccc3)CC2)[C@H]1c1cccc([N+](=O)[O-])c1,1,0.937238
"2-[(4-bromobenzoyl)amino]-N-[2-[(2S)-6,7-dimethoxy-3,4-dihydro-1H-isoquinolin-2-yl]ethyl]benzamide",COc1cc2c(cc1OC)CN(CCNC(=O)c1ccccc1NC(=O)c1ccc(Br)cc1)CC2,1,0.962343
"N-[2-[(2R)-6,7-dimethoxy-3,4-dihydro-1H-isoquinolin-2-yl]ethyl]-2-[(4-phenylmethoxybenzoyl)amino]benzamide",COc1cc2c(cc1OC)CN(CCNC(=O)c1ccccc1NC(=O)c1ccc(OCc3ccccc3)cc1)CC2,1,0.987448
"N-[2-[2-[(2R)-6,7-dimethoxy-3,4-dihydro-1H-isoquinolin-2-yl]ethylcarbamoyl]phenyl]quinoline-2-carboxamide",COc1cc2c(cc1OC)CN(CCNC(=O)c1ccccc1NC(=O)c1ccc3ccccc3n1)CC2,1,0.991632
"4-{4,5-bis[4-(dimethylamino)phenyl]-1-(2-phenylethyl)-1H-imidazol-2-yl}phenol",CN(C)c1ccc(-c2nc(-c3ccc(O)cc3)n(CCc3ccccc3)c2-c2ccc(N(C)C)cc2)cc1,1,0.748954
Nicergoline,CO[C@]12C[C@@H](COC(=O)c3cncc(Br)c3)CN(C)[C@@H]1Cc1cn(C)c3cccc2c13,1,0.757322
Sulfentanyl,CCC(=O)N(c1ccccc1)C1(COC)CCN(CCc2cccs2)CC1,1,0.782427
Rescinnamine,COC(=O)[C@@H]1[C@H]2C[C@@H]3c4[nH]c5cc(OC)ccc5c4CCN3C[C@@H]2C[C@@H](OC(=O)/C=C/c2cc(OC)c(OC)c(OC)c2)[C@H]1OC,1,0.669456
"2-[(4-benzylbenzoyl)amino]-N-[2-[(2R)-6,7-dimethoxy-3,4-dihydro-1H-isoquinolin-2-yl]ethyl]benzamide",COc1cc2c(cc1OC)CN(CCNC(=O)c1ccccc1NC(=O)c1ccc(Cc3ccccc3)cc1)CC2,1,0.991632
"N-[2-[[4-[2-[(2S)-6,7-dimethoxy-3,4-dihydro-1H-isoquinolin-2-yl]ethyl]phenyl]carbamoyl]phenyl]thiophene-2-carboxamide",COc1cc2c(cc1OC)CN(CCc1ccc(NC(=O)c3ccccc3NC(=O)c3cccs3)cc1)CC2,1,0.866109
"N-[2-[[(1R,2R)-1-[2-(3,4-dimethoxyphenyl)ethyl]pyrrolidin-2-yl]methylcarbamoyl]phenyl]quinoline-3-carboxamide",COc1ccc(CCN2CCC[C@H]2CNC(=O)c2ccccc2NC(=O)c2cnc3ccccc3c2)cc1OC,1,0.966527
"N-{2-[({1-[2-(3,4-dimethoxyphenyl)ethyl]pyrrolidin-2-yl}methyl)carbamoyl]phenyl}quinoline-3-carboxamide",COc1ccc(CCN2CCC[C@@H]2CNC(=O)c2ccccc2NC(=O)c2cnc3ccccc3c2)cc1OC,1,0.966527
"N-[2-[(2S)-6,7-dimethoxy-3,4-dihydro-1H-isoquinolin-2-yl]ethyl]-2-[(4-pentylbenzoyl)amino]benzamide",CCCCCc1ccc(C(=O)Nc2ccccc2C(=O)NCCN2CCc3cc(OC)c(OC)cc3C2)cc1,1,0.991632
"N-[2-[[4-[2-[(2R)-6,7-dimethoxy-3,4-dihydro-1H-isoquinolin-2-yl]ethyl]phenyl]carbamoyl]phenyl]-3,4-dimethylbenzamide",COc1cc2c(cc1OC)CN(CCc1ccc(NC(=O)c3ccccc3NC(=O)c3ccc(C)c(C)c3)cc1)CC2,1,0.970711
"N-[2-[(2R)-6,7-dimethoxy-3,4-dihydro-1H-isoquinolin-2-yl]ethyl]-2-[(4-phenoxybenzoyl)amino]benzamide",COc1cc2c(cc1OC)CN(CCNC(=O)c1ccccc1NC(=O)c1ccc(Oc3ccccc3)cc1)CC2,1,0.987448
"2-[(4-benzoylbenzoyl)amino]-N-[2-[(2S)-6,7-dimethoxy-3,4-dihydro-1H-isoquinolin-2-yl]ethyl]benzamide",COc1cc2c(cc1OC)CN(CCNC(=O)c1ccccc1NC(=O)c1ccc(C(=O)c3ccccc3)cc1)CC2,1,0.974895
Flavoxate,Cc1c(-c2ccccc2)oc2c(C(=O)OCCN3CCCCC3)cccc2c1=O,1,0.970711
Bepridil,CC(C)COC[C@H](CN(Cc1ccccc1)c1ccccc1)N1CCCC1,1,0.853556
"N-[2-[(2S)-6,7-dimethoxy-3,4-dihydro-1H-isoquinolin-2-yl]ethyl]-2-[(4-phenylbenzoyl)amino]benzamide",COc1cc2c(cc1OC)CN(CCNC(=O)c1ccccc1NC(=O)c1ccc(-c3ccccc3)cc1)CC2,1,0.983264
Reserpine,COC(=O)[C@@H]1[C@@H](OC)[C@@H](OC(=O)c2cc(OC)c(OC)c(OC)c2)C[C@H]2CN3CCc4c([nH]c5cc(OC)ccc45)[C@H]3C[C@@H]12,1,0.594142
"N-[2-[(2R)-6,7-dimethoxy-3,4-dihydro-1H-isoquinolin-2-yl]ethyl]-2-[(4-propylbenzoyl)amino]benzamide",CCCc1ccc(C(=O)Nc2ccccc2C(=O)NCCN2CCc3cc(OC)c(OC)cc3C2)cc1,1,0.991632
"N-[4-[2-[(2R)-6,7-dimethoxy-3,4-dihydro-1H-isoquinolin-2-yl]ethyl]phenyl]-4,5-dimethoxy-2-nitrobenzamide",COc1cc2c(cc1OC)CN(CCc1ccc(NC(=O)c3cc(OC)c(OC)cc3[N+](=O)[O-])cc1)CC2,1,0.995816
"N-[2-[[4-[2-[(3,4-difluorophenyl)methyl-methylamino]ethyl]phenyl]carbamoyl]phenyl]quinoline-3-carboxamide",CN(CCc1ccc(NC(=O)c2ccccc2NC(=O)c2cnc3ccccc3c2)cc1)Cc1ccc(F)c(F)c1,1,0.824268
Benidipine,COC(=O)C1=C(C)NC(C)=C(C(=O)O[C@H]2CCCN(Cc3ccccc3)C2)[C@@H]1c1cccc([N+](=O)[O-])c1,1,0.941423
"4-{4,5-bis[4-(dimethylamino)phenyl]-1-(2-phenylethyl)-1H-imidazol-2-yl}benzoic acid",CN(C)c1ccc(-c2nc(-c3ccc(C(=O)O)cc3)n(CCc3ccccc3)c2-c2ccc(N(C)C)cc2)cc1,1,0.317992
"N-[2-[[3-[2-[(2S)-6,7-dimethoxy-3,4-dihydro-1H-isoquinolin-2-yl]ethyl]phenyl]carbamoyl]phenyl]-5-methylpyrazine-2-carboxamide",COc1cc2c(cc1OC)CN(CCc1cccc(NC(=O)c3ccccc3NC(=O)c3cnc(C)cn3)c1)CC2,1,0.983264
"N-[2-[[4-[2-[(2S)-6,7-dimethoxy-3,4-dihydro-1H-isoquinolin-2-yl]ethyl]phenyl]carbamoyl]phenyl]quinoline-3-carboxamide",COc1cc2c(cc1OC)CN(CCc1ccc(NC(=O)c3ccccc3NC(=O)c3cnc4ccccc4c3)cc1)CC2,1,0.991632
"N-[2-[[4-[2-[(2R)-6,7-dimethoxy-3,4-dihydro-1H-isoquinolin-2-yl]ethyl]phenyl]carbamoyl]phenyl]quinoline-3-carboxamide",COc1cc2c(cc1OC)CN(CCc1ccc(NC(=O)c3ccccc3NC(=O)c3cnc4ccccc4c3)cc1)CC2,1,0.991632
"N-[2-[[4-[2-[(2R)-6,7-dimethoxy-3,4-dihydro-1H-isoquinolin-2-yl]ethyl]phenyl]carbamoyl]phenyl]quinoline-2-carboxamide",COc1cc2c(cc1OC)CN(CCc1ccc(NC(=O)c3ccccc3NC(=O)c3ccc4ccccc4n3)cc1)CC2,1,0.991632
"N-[2-[[4-[2-[(2S)-6,7-dimethoxy-3,4-dihydro-1H-isoquinolin-2-yl]ethyl]phenyl]carbamoyl]phenyl]pyrazine-2-carboxamide",COc1cc2c(cc1OC)CN(CCc1ccc(NC(=O)c3ccccc3NC(=O)c3cnccn3)cc1)CC2,1,0.995816
"2-benzamido-N-[4-[2-[(2R)-6,7-dimethoxy-3,4-dihydro-1H-isoquinolin-2-yl]ethyl]phenyl]benzamide",COc1cc2c(cc1OC)CN(CCc1ccc(NC(=O)c3ccccc3NC(=O)c3ccccc3)cc1)CC2,1,0.991632
"N-[2-[[4-[2-[(2R)-3,4-dihydro-1H-isoquinolin-2-yl]ethyl]phenyl]carbamoyl]phenyl]quinoline-3-carboxamide",O=C(Nc1ccccc1C(=O)Nc1ccc(CCN2CCc3ccccc3C2)cc1)c1cnc2ccccc2c1,1,0.920502
"N-[2-[[4-[2-[(2S)-6,7-dimethoxy-3,4-dihydro-1H-isoquinolin-2-yl]ethyl]phenyl]carbamoyl]phenyl]-2-methyl-1,3-thiazole-4-carboxamide",COc1cc2c(cc1OC)CN(CCc1ccc(NC(=O)c3ccccc3NC(=O)c3csc(C)n3)cc1)CC2,1,0.966527
"N-[2-[[4-[2-[(2S)-6,7-dimethoxy-3,4-dihydro-1H-isoquinolin-2-yl]ethyl]phenyl]carbamoyl]phenyl]pyridine-3-carboxamide",COc1cc2c(cc1OC)CN(CCc1ccc(NC(=O)c3ccccc3NC(=O)c3cccnc3)cc1)CC2,1,1
"N-[2-[[4-[2-[(2S)-6,7-dimethoxy-3,4-dihydro-1H-isoquinolin-2-yl]ethyl]phenyl]carbamoyl]phenyl]thiophene-3-carboxamide",COc1cc2c(cc1OC)CN(CCc1ccc(NC(=O)c3ccccc3NC(=O)c3ccsc3)cc1)CC2,1,0.866109
"N-[2-[[4-[2-[(2S)-6,7-dimethoxy-3,4-dihydro-1H-isoquinolin-2-yl]ethyl]phenyl]carbamoyl]phenyl]-5-propanoylpyrazine-2-carboxamide",CCC(=O)c1cnc(C(=O)Nc2ccccc2C(=O)Nc2ccc(CCN3CCc4cc(OC)c(OC)cc4C3)cc2)cn1,1,0.974895
"N-[4-[2-[(2S)-6,7-dimethoxy-3,4-dihydro-1H-isoquinolin-2-yl]ethyl]phenyl]naphthalene-2-carboxamide",COc1cc2c(cc1OC)CN(CCc1ccc(NC(=O)c3ccc4ccccc4c3)cc1)CC2,1,1
"2-bromo-N-[4-[2-[(2S)-6,7-dimethoxy-3,4-dihydro-1H-isoquinolin-2-yl]ethyl]phenyl]benzamide",COc1cc2c(cc1OC)CN(CCc1ccc(NC(=O)c3ccccc3Br)cc1)CC2,1,0.995816
