ids,smiles,Y
Phenylpropanolamine,C[C@H](N)[C@H](O)c1ccccc1,0
Propoxur,CNC(=O)Oc1ccccc1OC(C)C,0
O-Nitrophenyl-N-N-dimethylcarbamate,CCNC(=O)Oc1ccccc1[N+](=O)[O-],0
Pepstatin,CC(C)CC(=O)N[C@@H](C(=O)N[C@H](C(=O)N[C@@H](CC(C)C)[C@H](O)CC(=O)N[C@H](C)C(=O)N[C@H](CC(C)C)[C@@H](O)CC(=O)O)C(C)C)C(C)C,0
Acetohydroxamic acid,CC(=O)NO,0
Bosulfan,CS(=O)(=O)OCCCCOS(C)(=O)=O,0
Mesna,O=S(=O)(O)CCS,0
Aldoxycarb,CNC(=O)O/N=C/C(C)(C)S(C)(=O)=O,0
Deferoxamine,CC(=O)N(O)CCCCCNC(=O)CCC(=O)N(O)CCCCCNC(=O)CCC(=O)N(O)CCCCCN,0
N-acetylaspartate,CC(=O)N[C@H](CC(=O)O)C(=O)O,0
Meprobamate,CCCC(C)(COC(N)=O)COC(N)=O,0
Aldicarb,CNC(=O)O/N=C/C(C)(C)SC,0
Mevinphos,COC(=O)/C=C(/C)OP(=O)(OC)OC,0
(2S)-2-amino-4-(methylsulfonimidoyl)butanoicacid,CS(=N)(=O)CC[C@H](N)C(=O)O,0
Mannitol,OC[C@@H](O)[C@@H](O)[C@H](O)[C@H](O)CO,0
Sulfabenzamide,Nc1ccc(S(=O)(=O)NC(=O)c2ccccc2)cc1,0
Tolbutamide,CCCCNC(=O)NS(=O)(=O)c1ccc(C)cc1,0
Lannate,CNC(=O)O/N=C(\C)SC,0
Metrifonate,COP(=O)(OC)[C@H](O)C(Cl)(Cl)Cl,0
Cintriamide,COc1cc(/C=C/C(N)=O)cc(OC)c1OC,0
Probucol,CC(C)(Sc1cc(C(C)(C)C)c(O)c(C(C)(C)C)c1)Sc1cc(C(C)(C)C)c(O)c(C(C)(C)C)c1,0
N-tert-butyl-N'-[(E)-(2-hydroxy-3-methoxyphenyl)methylideneamino]oxamide,COc1cccc(/C=N/NC(=O)C(=O)NC(C)(C)C)c1O,0
P-Nitrophenol,O=[N+]([O-])c1ccc(O)cc1,0
Dinestrol,C/C=C(C(=C\C)\c1ccc(O)cc1)/c1ccc(O)cc1,0
Etidronic acid,CC(O)(P(=O)(O)O)P(=O)(O)O,0
Carisoprodol,CCC[C@@](C)(COC(N)=O)COC(=O)NC(C)C,0
2-[2-(3-phenylpropanoyl)phenoxy]aceticacid,O=C(O)COc1ccccc1C(=O)CCc1ccccc1,0
Mesuprine,COc1ccc(CCN[C@@H](C)[C@@H](O)c2ccc(O)c(NS(C)(=O)=O)c2)cc1,0
Cycliramine,CC(c1ccc(OC#N)cc1)c1ccc(OC#N)cc1,0
Ritodrine,C[C@H](NCCc1ccc(O)cc1)[C@H](O)c1ccc(O)cc1,0
Bendroflumethiazide,NS(=O)(=O)c1cc2c(cc1C(F)(F)F)N[C@@H](Cc1ccccc1)NS2(=O)=O,0
Dilevalol,C[C@H](CCc1ccccc1)NC[C@H](O)c1ccc(O)c(C(N)=O)c1,0
Labetolol,C[C@H](CCc1ccccc1)NC[C@@H](O)c1ccc(O)c(C(N)=O)c1,0
Carbaryl,CNC(=O)Oc1cccc2ccccc12,0
N-phenylnaphthalen-2-amine,c1ccc(Nc2ccc(Nc3ccccc3)cc2)cc1,0
Gallamine,Cc1[nH]ccc2c1[nH]c1cc(=O)ccc12,0
Prenylamine lactate,C[C@@H](Cc1ccccc1)NCCC(c1ccccc1)c1ccccc1,0
Fosfosal,O=C(O)c1ccccc1OP(=O)(O)O,0
1-phenethyl-2-phenylmethoxybenzene,c1ccc(CCc2ccccc2OCc2ccccc2)cc1,0
Isoxsuprine,C[C@@H](COc1ccccc1)N[C@@H](C)[C@@H](O)c1ccc(O)cc1,0
N-Benzylbenzamide,O=C(NCc1ccccc1)c1ccccc1,0
Nifuroxazide,O=C(N/N=C/c1ccc([N+](=O)[O-])o1)c1ccc(O)cc1,0
Nordefrin,C[C@H](N)[C@H](O)c1ccc(O)c(O)c1,0
N-N-DIETHYLCYCLOHEXYL,c1ccc(Nc2cccc3ccccc23)cc1,0
N_N_DIMETHYLBENZYLAMI,c1ccc(Nc2ccc3ccccc3c2)cc1,0
Bambuterol,CN(C)C(=O)Oc1cc(OC(=O)N(C)C)cc([C@H](O)CNC(C)(C)C)c1,0
Mephentermine,CNCC(C)(C)c1ccccc1,0
Methoxamine,COc1ccc(OC)c([C@@H](O)[C@H](C)N)c1,0
Dobutamine,C[C@H](CCc1ccc(O)cc1)NCCc1ccc(O)c(O)c1,0
D-617,CNCCC[C@](C#N)(c1ccc(OC)c(OC)c1)C(C)C,0
Ellipticine,Cc1c2ccncc2c(C)c2c1[nH]c1ccccc12,0
Fluvalinate,CC(C)[C@H](Nc1ccc(C(F)(F)F)cc1Cl)C(=O)O[C@@H](C#N)c1cccc(Oc2ccccc2)c1,0
N-phenylnaphthalen-1-amine,c1ccc(CNCCNCc2ccccc2)cc1,0
Thimerosal,O=C(O)c1ccccc1S,0
Dibenzylamine,c1ccc(CNCc2ccccc2)cc1,0
Terbutaline,CC(C)(C)NC[C@H](O)c1cc(O)cc(O)c1,0
Leflunomide,Cc1oncc1C(=O)Nc1ccc(C(F)(F)F)cc1,0
Alprenolol,C=CCc1ccccc1OC[C@H](O)CNC(C)C,0
Trichlormethiazide,NS(=O)(=O)c1cc2c(cc1Cl)N[C@@H](C(Cl)Cl)NS2(=O)=O,0
D-620,COc1ccc([C@@](C#N)(CCCN)C(C)C)cc1OC,0
Diacetolol,CC(=O)Nc1ccc(OC[C@H](O)CNC(C)C)c(C(C)=O)c1,0
Metoprolol,COCCc1ccc(OC[C@@H](O)CNC(C)C)cc1,0
Sulfadimethoxine,COc1cc(NS(=O)(=O)c2ccc(N)cc2)nc(OC)n1,0
Oxprenolol,C=CCOc1ccccc1OC[C@H](O)CNC(C)C,0
Orciprenaline,CC(C)NC[C@H](O)c1cc(O)cc(O)c1,0
Harman,Cc1nccc2c1[nH]c1ccccc12,0
Genistein,O=c1c(-c2ccc(O)cc2)coc2cc(O)cc(O)c12,0
Pantoprazole,COc1ccnc(CS(=O)c2nc3cc(OC(F)F)ccc3[nH]2)c1OC,0
"3-methoxy-N-[(3,4,5-trimethoxyphenyl)methyl]propan-1-amine",COCCCNCc1cc(OC)c(OC)c(OC)c1,0
Tiprenolol,CSc1ccccc1OC[C@H](O)CNC(C)C,0
Atenolol,CC(C)NC[C@@H](O)COc1ccc(CC(N)=O)cc1,0
Resveratrol,Oc1ccc(/C=C/c2cc(O)cc(O)c2)cc1,0
3-[(2-phenethylphenoxy)methyl]pyridine,c1ccc(CCc2ccccc2OCc2cccnc2)cc1,0
Sulfaquinoxaline,Nc1ccc(S(=O)(=O)Nc2ccc3nccnc3c2)cc1,0
4-hydroxycarvedilol,COc1cc(O)ccc1OCCNC[C@H](O)COc1cccc2[nH]c3ccccc3c12,0
5-hydroxycarvedilol,COc1ccc(O)cc1OCCNC[C@H](O)COc1cccc2[nH]c3ccccc3c12,0
Omadine,On1ccccc1=S,0
Fenfluramine,CCN[C@@H](C)Cc1cccc(C(F)(F)F)c1,0
Methoxychlor,COc1ccc(C(c2ccc(OC)cc2)C(Cl)(Cl)Cl)cc1,0
3-[[2-[2-(3-methoxyphenyl)ethyl]phenoxy]methyl]pyridine,COc1cccc(CCc2ccccc2OCc2cccnc2)c1,0
"(2R)-3-(3,4-dimethoxyphenyl)propane-1,2-diol",COc1ccc(C[C@@H](O)CO)cc1OC,0
Pentachlorophenol,Oc1c(Cl)c(Cl)c(Cl)c(Cl)c1Cl,0
Phenethylamine,NCCc1ccccc1,0
Hexetrol,CC[C@H](c1ccc(O)cc1)[C@@H](CC)c1ccc(O)cc1,0
Hexestrol,CC[C@H](c1ccc(O)cc1)[C@@H](CC)c1ccc(O)cc1,0
Acetorphan,CC(=O)SC[C@@H](Cc1ccccc1)C(=O)NCC(=O)OCc1ccccc1,0
Diethylstilbestrol,CC/C(=C(\CC)c1ccc(O)cc1)c1ccc(O)cc1,0
"2,2-diphenylethanamine",NCC(c1ccccc1)c1ccccc1,0
2-[(2-phenethylphenoxy)methyl]pyridine,c1ccc(CCc2ccccc2OCc2ccccn2)cc1,0
Althiazide,C=CCSC[C@H]1Nc2cc(Cl)c(S(N)(=O)=O)cc2S(=O)(=O)N1,0
2-ethoxyethyl4-aminobenzoate,CCOCCOC(=O)c1ccc(N)cc1,0
Sumatriptan,CNS(=O)(=O)Cc1ccc2[nH]cc(CCN(C)C)c2c1,0
Homovertrylamine,COc1ccc(CCN)cc1OC,0
Sulfisoxazole,Cc1noc(NS(=O)(=O)c2ccc(N)cc2)c1C,0
Propranolol,CC(C)NC[C@H](O)COc1cccc2ccccc12,0
Mexilitene,Cc1cccc(C)c1OC[C@@H](C)N,0
Sulfamethizole,Cc1nnc(NS(=O)(=O)c2ccc(N)cc2)s1,0
Thiabendazole,c1ccc2[nH]c(-c3cscn3)nc2c1,0
Daidzein,O=c1c(-c2ccc(O)cc2)coc2cc(O)ccc12,0
Sulmazole,COc1cc(S(C)=O)ccc1-c1nc2ncccc2[nH]1,0
Fluvoxamine,COCCCC/C(=N/OCCN)c1ccc(C(F)(F)F)cc1,0
Myricetin,O=c1c(O)c(-c2cc(O)c(O)c(O)c2)oc2cc(O)cc(O)c12,0
Picotamide,COc1ccc(C(=O)NCc2cccnc2)cc1C(=O)NCc1cccnc1,0
Ethoxyquin,CCOc1ccc2c(c1)C(C)=CC(C)(C)N2,0
Sulfachlorpyridazine,Nc1ccc(S(=O)(=O)Nc2ccc(Cl)nn2)cc1,0
Ellagic acid,O=c1oc2c(O)c(O)cc3c(=O)oc4c(O)c(O)cc1c4c23,0
Guaifenesin,COc1ccccc1OC[C@@H](O)CO,0
Dicumarol,O=c1c(Cc2c(O)oc3ccccc3c2=O)c(O)oc2ccccc12,0
Niflumic Acid,O=C(O)c1cccnc1Nc1cccc(C(F)(F)F)c1,0
Diclofenac,O=C(O)Cc1ccccc1Nc1c(Cl)cccc1Cl,0
Proxazole,CC[C@H](c1ccccc1)c1noc(CCN(CC)CC)n1,0
Buthethamate,CC[C@H](C(=O)OCCN(CC)CC)c1ccccc1,0
Fenvalerate,CC(C)[C@H](C(=O)O[C@H](C#N)c1cccc(Oc2ccccc2)c1)c1ccc(Cl)cc1,0
Zimeldine,CN(C)C/C=C(/c1ccc(Br)cc1)c1cccnc1,0
Tacrine,Nc1c2c(nc3ccccc13)CCCC2,0
Bisacodyl,CC(=O)Oc1ccc(C(c2ccc(OC(C)=O)cc2)c2ccccn2)cc1,0
Chrysene-1-4-dione,O=C1C=CC(=O)c2c1ccc1c2ccc2ccccc21,0
Meclofenamic Acid,Cc1ccc(Cl)c(Nc2ccccc2C(=O)O)c1Cl,0
Amrinone,Nc1cc(-c2ccncc2)c[nH]c1=O,0
Mebeverine,CCN(CCCCOC(=O)c1ccc(OC)c(OC)c1)[C@@H](C)Cc1ccc(OC)cc1,0
Selegiline,C#CCN(C)[C@@H](C)Cc1ccccc1,0
Caffeic acid,O=C(O)/C=C/c1ccc(O)c(O)c1,0
Suprofen,C[C@@H](C(=O)O)c1ccc(C(=O)c2cccs2)cc1,0
Chlorthiazide,NS(=O)(=O)c1cc2c(cc1Cl)NC=NS2(=O)=O,0
Lidocaine,CCN(CC)CC(=O)Nc1c(C)cccc1C,0
Succinylsulfathiazole,O=C(O)CCC(=O)Nc1ccc(S(=O)(=O)Nc2nccs2)cc1,0
Chlorotrianisene,COc1ccc(C(Cl)=C(c2ccc(OC)cc2)c2ccc(OC)cc2)cc1,0
Betahistine,CNCCc1ccccn1,0
Sulfameter,COc1cnc(NS(=O)(=O)c2ccc(N)cc2)nc1,0
Spasmadryl,CCN(CC)CCOC(=O)[C@H](Cc1ccccc1)c1ccccc1,0
Methocarbamol,COc1ccccc1OC[C@H](O)COC(N)=O,0
N-benzyladenine,c1ccc(CNc2ncnc3nc[nH]c23)cc1,0
Isosorbide,O=[N+]([O-])O[C@H]1CO[C@H]2[C@@H](O[N+](=O)[O-])CO[C@@H]12,0
Medrylamine,COc1ccc(C(OCCN(C)C)c2ccccc2)cc1,0
Orphenadrine,Cc1ccccc1[C@H](OCCN(C)C)c1ccccc1,0
Practolol,CC(=O)Nc1ccc(OC[C@@H](O)CNC(C)C)cc1,0
"4-imino-4-[4-(4-methoxyphenyl)-5-sulfanylidene-1H-1,2,4-triazol-3-yl]butanamide",COc1ccc(-n2c(C(=N)CCC(N)=O)n[nH]c2=S)cc1,0
Ferulic acid,COc1cc(/C=C/C(=O)O)ccc1O,0
Cinpropazide,COc1cc(/C=C/C2=C(NC(C)C)CN3CCN2CC3)cc(OC)c1OC,0
N-(6-aminohexyl)-5-chloronaphthalene-1-sulfonamide,NCCCCCCNS(=O)(=O)c1cccc2c(Cl)cccc12,0
Acebutolol,CCCC(=O)Nc1ccc(OC[C@H](O)CNC(C)C)c(C(C)=O)c1,0
2-Benzylpyridine,c1ccc(Cc2ccccn2)cc1,0
Sulfapyridine,Nc1ccc(S(=O)(=O)Nc2ccccn2)cc1,0
Pheniramine,CNCC[C@H](c1ccccc1)c1ccccn1,0
Aminocarb,CNC(=O)Oc1ccc(N(C)C)c(C)c1,0
Imoxiterol,COc1cc([C@@H](O)CN[C@@H](C)CCn2cnc3ccccc32)ccc1O,0
Zolamine,COc1ccc(CN(CCN(C)C)c2nccs2)cc1,0
Triiodothyronine,N[C@H](Cc1cc(I)c(Oc2ccc(O)c(I)c2)c(I)c1)C(=O)O,0
Folic acid,Nc1nc(=O)c2nc(CNc3ccc(C(=O)N[C@@H](CCC(=O)O)C(=O)O)cc3)cnc2[nH]1,0
Thenyldiamine,CN(C)CCN(Cc1ccsc1)c1ccccn1,0
Ornidazole,Cc1ncc([N+](=O)[O-])n1C[C@H](O)CCl,0
Zaprinast,CCCOc1ccccc1-c1nc2[nH][nH]nc-2c(=O)n1,0
Phenacetin,CCOc1ccc(NC(C)=O)cc1,0
Acetaminophen(Paracetamol),CC(=O)Nc1ccc(O)cc1,0
"1-(3-methoxyphenyl)-N,N-dimethylmethanamine",COc1cccc(CN(C)C)c1,0
Mefexamide,CCN(CC)CCNC(=O)COc1ccc(OC)cc1,0
Trioxsalen,Cc1cc2cc3c(C)cc(=O)oc3c(C)c2o1,0
Oxalamine,CCN(CC)CCc1nc(-c2ccccc2)no1,0
Hermaline,COc1ccc2c(c1)=NC1=C(C)NCCC=21,0
Methapyrilene,CN(C)CCN(Cc1cccs1)c1ccccn1,0
Adiphenine,CCN(CC)CCOC(=O)C(c1ccccc1)c1ccccc1,0
Hycanthone,CCN(CC)CCNc1ccc(CO)c2sc3ccccc3c(=O)c12,0
Benactyzine,CCN(CC)CCOC(=O)C(O)(c1ccccc1)c1ccccc1,0
Xylometazoline,Cc1cc(C(C)(C)C)cc(C)c1CC1=NCCN1,0
Diospyrin,Cc1cc(O)c2c(c1)C(=O)C(c1c(C)cc3c(c1O)C(=O)C=CC3=O)=CC2=O,0
Phenazopyridine,Nc1ccc(/N=N/c2ccccc2)c(N)n1,0
Evoxine,COc1c2ccoc2nc2c(OC)c(OC[C@H](O)C(C)(C)O)ccc12,0
Pyridoxine,Cc1ncc(CO)c(CO)c1O,0
Salverine,CCN(CC)CCOc1ccccc1C(=O)Nc1ccccc1,0
Pyrazinamide,NC(=O)c1cnccn1,0
Disopyramide,CC(C)N(CC[C@@](C(N)=O)(c1ccccc1)c1ccccn1)C(C)C,0
"6-(3,5-dimethylpyrazol-1-yl)-N-[(E)-pyridin-3-ylmethylideneamino]-1,2,4,5-tetrazin-3-amine",Cc1cc(C)n(-c2nnc(N/N=C/c3cccnc3)nn2)n1,0
Ethylbenzylaniline,CCN(Cc1ccccc1)c1ccccc1,0
Betaxol,CC(C)NC[C@@H](O)COc1ccc(CCOCC2CC2)cc1,0
Zolpidem,Cc1ccc(-c2nc3ccc(C)cn3c2CC(=O)N(C)C)cc1,0
Amoxecatine,CCN(CC)CCN(CC)CCOC(=O)c1ccc(N)cc1,0
Trimethoprim,COc1cc(Cc2cnc(N)nc2N)cc(OC)c1OC,0
Xylazine,Cc1cccc(C)c1NC1=NCCCS1,0
Skimmiamine,COc1ccc2c(OC)c3ccoc3nc2c1OC,0
"6,7-dimethoxy-1,2,3,4-tetrahydroisoquinoline",COc1cc2c(cc1OC)CNCC2,0
Acenocoumarol,CC(=O)C[C@H](c1ccc([N+](=O)[O-])cc1)c1c(O)oc2ccccc2c1=O,0
Sulfasalazine,O=C(O)c1cc(/N=N/c2ccc(S(=O)(=O)Nc3ccccn3)cc2)ccc1O,0
Kinetin,c1coc(CNc2ncnc3nc[nH]c23)c1,0
Tiapamil,COc1ccc(CCN(C)CCCC2(c3ccc(OC)c(OC)c3)S(=O)(=O)CCCS2(=O)=O)cc1OC,0
Clanobutin,COc1ccc(N(CCCC(=O)O)C(=O)c2ccc(Cl)cc2)cc1,0
Etifenin,CCc1cccc(CC)c1NC(=O)CN(CC(=O)O)CC(=O)O,0
"4-[4,6-bis(trifluoromethyl)-1,3,5-triazin-2-yl]-N,N-dimethylaniline",CN(C)c1ccc(-c2nc(C(F)(F)F)nc(C(F)(F)F)n2)cc1,0
Diphenhydramine,CN(C)CCOC(c1ccccc1)c1ccccc1,0
Sulfamerazine,Cc1ccnc(NS(=O)(=O)c2ccc(N)cc2)n1,0
Leucovorin,Nc1nc(=O)c2c([nH]1)NCC(CNc1ccc(C(=O)N[C@@H](CCC(=O)O)C(=O)O)cc1)N2C=O,0
N-chloro-1-(2-chlorophenyl)methanamine,ClNCc1ccccc1Cl,0
Bromopride,CCN(CC)CCNC(=O)c1cc(Br)c(N)cc1OC,0
Chophedianol,CN(C)CC[C@@](O)(c1ccccc1)c1ccccc1Cl,0
Doxylamine,CN(C)CCO[C@@](C)(c1ccccc1)c1ccccn1,0
Furosemide,NS(=O)(=O)c1cc(C(=O)O)c(NCc2ccco2)cc1Cl,0
Oxyfedrine,COc1cccc(C(=O)CCN[C@H](C)[C@@H](O)c2ccccc2)c1,0
Lamotrigine,Nc1nnc(-c2cccc(Cl)c2Cl)c(N)n1,0
Ranitidine,CN/C(=C/[N+](=O)[O-])NCCSCc1ccc(CN(C)C)o1,0
Prinixic acid,Cc1cccc(Nc2cc(Cl)nc(SCC(=O)O)n2)c1C,0
Gliclazide,Cc1ccc(S(=O)(=O)NC(=O)NN2C[C@H]3CCC[C@H]3C2)cc1,0
Tilorone,CCN(CC)CCOc1ccc2c(c1)C(=O)c1cc(OCCN(CC)CC)ccc1-2,0
Methimazole,Cn1cc[nH]c1=S,0
Sulfamethazine,Cc1cc(C)nc(NS(=O)(=O)c2ccc(N)cc2)n1,0
Quercetin,O=c1c(O)c(-c2ccc(O)c(O)c2)oc2cc(O)cc(O)c12,0
"1-[(2S)-2-hydroxy-3-(propan-2-ylamino)propyl]-5-methyl-2-phenyl-4-(thiophene-2-carbonyl)pyrazole-1,2-diium-3-one",Cc1c(C(=O)c2cccs2)c(=O)n(-c2ccccc2)n1C[C@@H](O)CNC(C)C,0
"N'-(5-chloronaphthalen-1-yl)sulfanylhexane-1,6-diamine",NCCCCCCNSc1cccc2c(Cl)cccc12,0
Clenbuterol,CC(C)(C)NC[C@@H](O)c1cc(Cl)c(N)c(Cl)c1,0
Naproxen,COc1ccc2cc([C@H](C)C(=O)O)ccc2c1,0
Albendazole,CCSc1ccc2nc(NC(=O)OC)[nH]c2c1,0
Ethionamide,CCc1cc(C(N)=S)ccn1,0
"1-[(2R)-2-hydroxy-3-(propylamino)propyl]-5-methyl-2-phenyl-4-(thiophene-2-carbonyl)pyrazole-1,2-diium-3-one",CCCNC[C@@H](O)Cn1c(C)c(C(=O)c2cccs2)c(=O)n1-c1ccccc1,0
Metronidazole,Cc1ncc([N+](=O)[O-])n1CCO,0
N-Norlaudanosine,CN(C)Cc1ccccc1,0
Diethylaniline,CCN(CC)c1ccccc1,0
Ascorbic acid,O=C1C(O)=C(O)O[C@H]1[C@H](O)CO,0
Mitoxantrone,O=C1c2c(O)ccc(O)c2C(=O)c2c(NCCNCCO)ccc(NCCNCCO)c21,0
"N-[2-(3,4-dimethoxyphenyl)ethyl]-1-methylpyrrolidin-2-imine",COc1ccc(CC/N=C2\CCCN2C)cc1OC,0
Metoclopramide,CCN(CC)CCNC(=O)c1cc(Cl)c(N)cc1OC,0
Etanidazole,O=C(Cn1ccnc1[N+](=O)[O-])NCCO,0
Isopropamide,CC(C)N(CCC(C(N)=O)(c1ccccc1)c1ccccc1)C(C)C,0
Benzmalecene,C[C@H](NC1=C(O)C=C1)[C@@H](Cc1ccc(Cl)cc1)c1ccc(Cl)cc1,0
"4-benzoyl-1-[(2S)-2-hydroxy-3-(propan-2-ylamino)propyl]-5-methyl-2-phenylpyrazole-1,2-diium-3-one",Cc1c(C(=O)c2ccccc2)c(=O)n(-c2ccccc2)n1C[C@@H](O)CNC(C)C,0
N-N-Dibenzylethylene,Oc1ccc(C[C@H]2NCCc3cc(O)c(O)cc32)cc1O,0
"2-(2,2-diphenyl-3,5-diazabicyclo[2.1.0]pent-1(4)-en-5-yl)aceticacid",O=C(O)CN1C2=C1C(c1ccccc1)(c1ccccc1)N2,0
Thonzylamine,COc1ccc(CN(CCN(C)C)c2ncccn2)cc1,0
Primidolol,Cc1ccccc1OC[C@H](O)CNCCn1cc(C)c(=O)[nH]c1=O,0
Tinidazole,CCS(=O)(=O)CCn1c([N+](=O)[O-])cnc1C,0
Rotoxamine,CN(C)CCO[C@H](c1ccc(Cl)cc1)c1ccccn1,0
Carbinoxamine,CN(C)CCO[C@H](c1ccc(Cl)cc1)c1ccccn1,0
Bencyclane,CN(C)CCCOC1(Cc2ccccc2)CCCCC1,0
Apigenin,O=c1cc(-c2ccc(O)cc2)oc2cc(O)cc(O)c12,0
Acrivastine,Cc1ccc(/C(=C\CN2CCCC2)c2cccc(/C=C/C(=O)O)n2)cc1,0
DDT,Clc1ccc(C(c2ccc(Cl)cc2)C(Cl)(Cl)Cl)cc1,0
Triamterene,Nc1nc(N)c2nc(-c3ccccc3)c(N)nc2n1,0
"6-phenylpteridine-2,4,7-triamine",Nc1nc(N)c2nc(-c3ccccc3)c(N)nc2n1,0
Cletoquine,C[C@H](CCCNCCO)Nc1ccnc2cc(Cl)ccc12,0
Amprenavir,CC(C)CN(C[C@@H](O)[C@@H](Cc1ccccc1)NC(=O)O[C@H]1CCOC1)S(=O)(=O)c1ccc(N)cc1,0
Bisobrin,COc1cc2c(cc1OC)[C@H](CCCC[C@H]1NCCc3cc(OC)c(OC)cc31)NCC2,0
Zolmitriptan,CN(C)CCc1c[nH]c2ccc(C[C@H]3COC(=O)N3)cc12,0
Mimosine,N[C@H](Cn1ccc(=O)c(O)c1)C(=O)O,0
Meglitinide,COc1ccc(Cl)cc1C(=O)NCCc1ccc(C(=O)O)cc1,0
Furaltadon,O=C1O[C@@H](CN2CCOCC2)CN1/N=C/c1ccc([N+](=O)[O-])o1,0
DDE,ClC(Cl)=C(c1ccc(Cl)cc1)c1ccc(Cl)cc1,0
Phosmet,COP(=S)(OC)SCN1C(=O)c2ccccc2C1=O,0
Mitotane,Clc1ccc([C@H](c2ccccc2Cl)C(Cl)Cl)cc1,0
Venlafaxine,COc1ccc([C@H](CN(C)C)C2(O)CCCCC2)cc1,0
Clobutinol,C[C@H](CN(C)C)[C@](C)(O)Cc1ccc(Cl)cc1,0
Fenoprofen,C[C@H](C(=O)O)c1cccc(Oc2ccccc2)c1,0
"4-benzoyl-1-[(2S)-3-(tert-butylamino)-2-hydroxypropyl]-5-methyl-2-phenylpyrazole-1,2-diium-3-one",Cc1c(C(=O)c2ccccc2)c(=O)n(-c2ccccc2)n1C[C@@H](O)CNC(C)(C)C,0
Permethrin,CC1(C)[C@H](C=C(Cl)Cl)[C@H]1C(=O)OCc1cccc(Oc2ccccc2)c1,0
Ecacetin,COc1ccc(-c2cc(=O)c3c(O)cc(O)cc3o2)cc1,0
Aminopentamide,C[C@@H](CC(C(N)=O)(c1ccccc1)c1ccccc1)N(C)C,0
Talinolol,CC(C)(C)NC[C@H](O)COc1ccc(NC(=O)NC2CCCCC2)cc1,0
Celestin_blue,CCN(CC)c1ccc2[nH]c3c(C(=N)O)cc(=O)c(=O)c=3oc2c1,0
Fluvastatin,CC(C)n1c(/C=C/[C@@H](O)C[C@@H](O)CC(=O)O)c(-c2ccc(F)cc2)c2ccccc21,0
"(2S)-3-(4-ethylphenyl)-2-(4-phenylmethoxyphenyl)-1,2-dihydroquinazolin-4-one",CCc1ccc(N2C(=O)c3ccccc3N[C@@H]2c2ccc(OCc3ccccc3)cc2)cc1,0
Biphenamine,CCN(CC)CCOC(=O)c1cccc(-c2ccccc2)c1O,0
"3-(2,5-dioxo-4,4-diphenylimidazolidin-1-yl)propanamide",NC(=O)CCN1C(=O)NC(c2ccccc2)(c2ccccc2)C1=O,0
Ganciclovir,Nc1nc(=O)c2ncn(COC(CO)CO)c2[nH]1,0
Chlorthalidone,NS(=O)(=O)c1cc([C@@]2(O)NC(=O)c3ccccc32)ccc1Cl,0
Lucidril,CN(C)CCOC(=O)COc1ccc(Cl)cc1,0
Chlorpropamide,CCCNC(=O)NS(=O)(=O)c1ccc(Cl)cc1,0
Felodipine,CCOC(=O)C1=C(C)NC(C)=C(C(=O)OC)[C@H]1c1cccc(Cl)c1Cl,0
Citiolone,CC(=O)N[C@@H]1CCSC1=O,0
Clonidine,Clc1cccc(Cl)c1NC1=NCCN1,0
Famciclovir,CC(=O)OCC(CCn1cnc2cnc(N)nc21)COC(C)=O,0
Dipyrone,Cc1c(N(C)CS(=O)(=O)O)c(=O)n(-c2ccccc2)n1C,0
Phenytoin,O=C1NC(=O)C(c2ccccc2)(c2ccccc2)N1,0
Tretoquinol,COc1cc(C[C@@H]2NCCc3cc(O)c(O)cc32)cc(OC)c1OC,0
Hoechst33342(Bisbenzimide),CCOc1ccc(-c2nc3ccc(-c4nc5ccc(N6CCN(C)CC6)cc5[nH]4)cc3[nH]2)cc1,0
"3-(2,5-dioxo-4,4-diphenylimidazolidin-1-yl)propanoicacid",O=C(O)CCN1C(=O)NC(c2ccccc2)(c2ccccc2)C1=O,0
Racinine,COc1ccn(C)c(=O)c1C#N,0
Nifazenone,Cc1c(NC(=O)c2cccnc2)c(=O)n(-c2ccccc2)n1C,0
Chlorogenic acid,O=C(/C=C/c1ccc(O)c(O)c1)O[C@H]1C[C@@](O)(C(=O)O)C[C@@H](O)[C@@H]1O,0
Clofibric acid,CC(C)(Oc1ccc(Cl)cc1)C(=O)O,0
Imolamine,CCN(CC)CCn1c(-c2ccccc2)noc1=N,0
Ketamine,CN[C@@]1(c2ccccc2Cl)CCCCC1=O,0
Diaziquone,CCOC(=O)NC1=C(N2CC2)C(=O)C(NC(=O)OCC)=C(N2CC2)C1=O,0
Meclizine,Cc1cccc(CN2CCN([C@H](c3ccccc3)c3ccc(Cl)cc3)CC2)c1,0
Warfarin,CC(=O)C[C@@H](c1ccccc1)c1c(O)c2ccccc2oc1=O,0
Oxantel,O=C(O)c1cc2ccccc2c(Cc2cc3ccccc3c(C(=O)O)c2O)c1O,0
Folisidine,COc1cc(=O)n(C)c2c(OC[C@H](O)C(C)(C)O)cccc12,0
Cinepazide,COc1cc(/C=C/C2=C(N3CCCC3)CN3CCN2CC3)cc(OC)c1OC,0
Levobunolol,CC(C)(C)NC[C@H](O)COc1cccc2c1CCCC2=O,0
Indapamide,C[C@H]1Nc2ccccc2[C@@H]1NC(=O)c1ccc(Cl)c(S(N)(=O)=O)c1,0
Protokylol,C[C@@H](Cc1ccc2c(c1)OCO2)NC[C@@H](O)c1ccc(O)c(O)c1,0
Chlorpheniramine,CN(C)CC[C@H](c1ccc(Cl)cc1)c1ccccn1,0
1-[3-[(2R)-2-hydroxy-3-morpholin-4-ylpropoxy]phenyl]ethanone,CC(=O)c1cccc(OC[C@H](O)CN2CCOCC2)c1,0
Dehydroemetine,CCC1=C(C[C@H]2NCCc3cc(OC)c(OC)cc32)C[C@H]2c3cc(OC)c(OC)cc3CCN2C1,0
Indomethacin,COc1ccc2c(c1)c(CC(=O)O)c(C)n2C(=O)c1ccc(Cl)cc1,0
Triflusal,CC(=O)Oc1cc(C(F)(F)F)ccc1C(=O)O,0
S-mephenytoin,CC[C@@]1(c2ccccc2)NC(=O)N(C)C1=O,0
Gamfexine,CN(C)CC[C@@H](c1ccccc1)C1CCCCC1,0
Clopamide,C[C@@H]1CCC[C@@H](C)N1NC(=O)c1ccc(Cl)c(S(N)(=O)=O)c1,0
1-[2-[(2S)-2-hydroxy-3-morpholin-4-ylpropoxy]phenyl]propan-1-one,CCC(=O)c1ccccc1OC[C@@H](O)CN1CCOCC1,0
1-[2-[(2S)-2-hydroxy-3-morpholin-4-ylpropoxy]phenyl]propan-1-one,CCC(=O)c1ccccc1OC[C@H](O)CN1CCOCC1,0
Suxibuzone,CCCCC1(COC(=O)CCC(=O)O)C(=O)N(c2ccccc2)N(c2ccccc2)C1=O,0
Tetrahydrozoline,c1ccc2c(c1)CCC[C@@H]2C1=NCCN1,0
Zomepirac,Cc1cc(CC(=O)O)n(C)c1C(=O)c1ccc(Cl)cc1,0
Isopyrin,Cc1c(NC(C)C)c(=O)n(-c2ccccc2)n1C,0
Tolazamide,Cc1ccc(S(=O)(=O)NC(=O)NN2CCCCCC2)cc1,0
Levophacetoperane,CC(=O)O[C@H](c1ccccc1)[C@H]1CCCCN1,0
"2-[(2R)-2-methyl-5-oxo-4,4-diphenylimidazolidin-1-yl]aceticacid",C[C@@H]1NC(c2ccccc2)(c2ccccc2)C(=O)N1CC(=O)O,0
"(1R)-1-methyl-1,2,3,4-tetrahydroisoquinoline-6,7-diol",C[C@H]1NCCc2cc(O)c(O)cc21,0
Salsolinol,C[C@@H]1NCCc2cc(O)c(O)cc21,0
Phenindione,O=C1c2ccccc2C(=O)C1c1ccccc1,0
1-[4-[(2S)-2-hydroxy-3-morpholin-4-ylpropoxy]phenyl]ethanone,CC(=O)c1ccc(OC[C@@H](O)CN2CCOCC2)cc1,0
Emetine,CC[C@@H]1CN2CCc3cc(OC)c(OC)cc3[C@@H]2C[C@H]1C[C@H]1NCCc2cc(OC)c(OC)cc21,0
Memotine,COc1ccc(OC2=NCCc3ccccc32)cc1,0
Salsolidine,COc1cc2c(cc1OC)[C@@H](C)NCC2,0
1-Benzyl-3-Pyrroline,C1=CCN(Cc2ccccc2)C1,0
Bupivacainne,CCCCN1CCCC[C@H]1C(=O)Nc1c(C)cccc1C,0
"(6Z)-6-[(1S)-1-phenylpropyl]-7-[(1R)-1-phenylpropyl]-5,8-dioxa-1,12-diazabicyclo[10.2.2]hexadec-6-ene",CC[C@H](C1=C([C@H](CC)c2ccccc2)OCCCN2CCN(CCCO1)CC2)c1ccccc1,0
Antipyrine,Cc1cc(=O)n(-c2ccccc2)n1C,0
Aminopyrine,Cc1c(N(C)C)c(=O)n(-c2ccccc2)n1C,0
Atorvastatin acid,CC(C)c1c(C(=O)Nc2ccccc2)c(-c2ccccc2)c(-c2ccc(F)cc2)n1CC[C@@H](O)C[C@@H](O)CC(=O)O,0
Eletriptan,CN1CCC[C@H]1Cc1ccc2[nH]cc(CCS(=O)(=O)c3ccccc3)c2c1,0
Pidrofen,C[C@H](C(=O)O)c1ccc(N2CC=CC2)c(Cl)c1,0
Motracetam,COc1ccc(C(=O)N2CCN(CC(=O)N3CCOCC3)CC2)cc1,0
Pramoxine,CCCCOc1ccc(OCCCN2CCOCC2)cc1,0
Loucarbate,CCN(CC)CCOCCOC(=O)C1(c2ccccc2)CCCC1,0
Tetrazolone,O=c1c2ccccc2nc2n1CCCC2,0
Diphenamid,CN(C)C(=O)C(c1ccccc1)c1ccccc1,0
Sulpiride,CCN1CCC[C@H]1CNC(=O)c1cc(S(N)(=O)=O)ccc1OC,0
Hepes,O=S(=O)(O)CCN1CCN(CCO)CC1,0
Piroxicam,CN1/C(=C(/O)Nc2ccccn2)C(=O)c2ccccc2S1(=O)=O,0
Cinepazic acid,COc1cc(/C=C/C(=O)N2CCN(CC(=O)O)CC2)cc(OC)c1OC,0
Ifenprodil,C[C@H]([C@H](O)c1ccc(O)cc1)N1CCC(Cc2ccccc2)CC1,0
Clebopride,COc1cc(N)c(Cl)cc1C(=O)NC1CCN(Cc2ccccc2)CC1,0
Trimetozine,COc1cc(C(=O)N2CCOCC2)cc(OC)c1OC,0
Piperamide,CC(=O)Nc1ccc(N2CCN(CCCN(C)C)CC2)cc1,0
Lidoflazine,Cc1cccc(C)c1NC(=O)CN1CCN(CCCC(c2ccc(F)cc2)c2ccc(F)cc2)CC1,0
Methylphenidate,COC(=O)[C@H](c1ccccc1)[C@H]1CCCCN1,0
Drofenine,CCN(CC)CCOC(=O)[C@@H](c1ccccc1)C1CCCCC1,0
Eserine,CNC(=O)Oc1ccc2c(c1)[C@]1(C)CCN(C)[C@@H]1N2C,0
1-Benzylimidazole,c1ccc(Cn2ccnc2)cc1,0
Laudanosine-6'-bromo,COc1ccc(C[C@H]2c3cc(OC)c(OC)cc3CCN2C)cc1OC,0
Canadine,COc1ccc2c(c1OC)CN1CCc3cc4c(cc3[C@@H]1C2)OCO4,0
Cetirizine,O=C(O)COCCN1CCN([C@@H](c2ccccc2)c2ccc(Cl)cc2)CC1,0
1-Phenylpiperazine,c1ccc(CN2CCNCC2)cc1,0
Phenylpropanolamine,C[C@H](N)[C@H](O)c1ccccc1,0
"5,7-dihydroxy-6-phenoxy-2-phenylchromen-4-one",O=c1cc(-c2ccccc2)oc2cc(O)c(Oc3ccccc3)c(O)c12,1
"5-hydroxy-6,7-dioctoxy-2-phenylchromen-4-one",CCCCCCCCOc1cc2oc(-c3ccccc3)cc(=O)c2c(O)c1OCCCCCCCC,1
"5-hydroxy-6,7-dipentoxy-2-phenylchromen-4-one",CCCCCOc1cc2oc(-c3ccccc3)cc(=O)c2c(O)c1OCCCCC,1
[dibenzyl-(hydroxymethyl)-diphenylBLAHyl]methanol,OCC12[C@H](c3ccccc3)C3[C@@H]4N(Cc5ccccc5)[C@H]1C1[C@H]2N(Cc2ccccc2)[C@H]3C4(CO)[C@H]1c1ccccc1,1
"1,2-dimethoxy-4-[[2-[2-(3-methoxyphenyl)ethyl]phenoxy]methyl]benzene",COc1cccc(CCc2ccccc2OCc2ccc(OC)c(OC)c2)c1,1
"1,2-dimethoxy-3-[[2-[2-(3-methoxyphenyl)ethyl]phenoxy]methyl]benzene",COc1cccc(CCc2ccccc2OCc2cccc(OC)c2OC)c1,1
1-[4-[2-[2-(3-methoxyphenyl)ethyl]phenoxy]butyl]-4-[3-(trifluoromethyl)phenyl]piperazine,COc1cccc(CCc2ccccc2OCCCCN2CCN(c3cccc(C(F)(F)F)c3)CC2)c1,1
1-[3-[2-[2-(3-methoxyphenyl)ethyl]phenoxy]propyl]-4-[3-(trifluoromethyl)phenyl]piperazine,COc1cccc(CCc2ccccc2OCCCN2CCN(c3cccc(C(F)(F)F)c3)CC2)c1,1
1-methoxy-3-[2-[2-[(2-methoxyphenyl)methoxy]phenyl]ethyl]benzene,COc1cccc(CCc2ccccc2OCc2ccccc2OC)c1,1
"1,2-dimethoxy-4-[(2-phenethylphenoxy)methyl]benzene",COc1ccc(COc2ccccc2CCc2ccccc2)cc1OC,1
"1,2-dimethoxy-3-[(2-phenethylphenoxy)methyl]benzene",COc1cccc(COc2ccccc2CCc2ccccc2)c1OC,1
Desethylamodiaquine,CCNCc1cc(Nc2ccnc3cc(Cl)ccc23)ccc1O,1
4-[[2-[2-(3-methoxyphenyl)ethyl]phenoxy]methyl]pyridine,COc1cccc(CCc2ccccc2OCc2ccncc2)c1,1
Hydroxizine,OCCOCCN1CCN([C@H](c2ccccc2)c2ccc(Cl)cc2)CC1,1
Fluoxetine,CNCC[C@@H](Oc1ccc(C(F)(F)F)cc1)c1ccccc1,1
"N-[(2,3-dimethoxyphenyl)methyl]-2-[2-(3-methoxyphenyl)ethyl]aniline",COc1cccc(CCc2ccccc2NCc2cccc(OC)c2OC)c1,1
"(2R)-1-(4,4-diphenylbutylamino)-3-[2-[(1S)-1-methoxy-3-phenylpropyl]phenoxy]propan-2-ol",CO[C@@H](CCc1ccccc1)c1ccccc1OC[C@H](O)CNCCCC(c1ccccc1)c1ccccc1,1
"(2R)-1-(3,3-diphenylpropylamino)-3-[2-[(1S)-1-methoxy-3-phenylpropyl]phenoxy]propan-2-ol",CO[C@@H](CCc1ccccc1)c1ccccc1OC[C@H](O)CNCCC(c1ccccc1)c1ccccc1,1
(1R)-1-[2-[(2S)-2-hydroxy-3-morpholin-4-ylpropoxy]phenyl]-3-phenylpropan-1-ol,O[C@H](COc1ccccc1[C@H](O)CCc1ccccc1)CN1CCOCC1,1
Clotrimazole,Clc1ccccc1C(c1ccccc1)(c1ccccc1)n1ccnc1,1
Fluphenazine,OCCN1CCN(CCCN2c3ccccc3Sc3ccc(C(F)(F)F)cc32)CC1,1
(1S)-1-[2-[(2R)-2-hydroxy-3-morpholin-4-ylpropoxy]phenyl]-3-phenylpropan-1-ol,O[C@@H](CCc1ccccc1)c1ccccc1OC[C@H](O)CN1CCOCC1,1
Vanoxerine,Fc1ccc(C(OCCN2CCN(CCCc3ccccc3)CC2)c2ccc(F)cc2)cc1,1
(1R)-1-[2-[(2S)-3-[di(propan-2-yl)amino]-2-hydroxypropoxy]phenyl]-3-phenylpropan-1-ol,CC(C)N(C[C@H](O)COc1ccccc1[C@H](O)CCc1ccccc1)C(C)C,1
N-[2-(3-phenethyl-1-benzofuran-2-yl)ethyl]propan-1-amine,CCCNCCc1oc2ccccc2c1CCc1ccccc1,1
(1S)-1-(3-phenethyl-1-benzofuran-2-yl)-2-(propylamino)ethanol,CCCNC[C@H](O)c1oc2ccccc2c1CCc1ccccc1,1
Benzpthiazide,NS(=O)(=O)c1cc2c(cc1Cl)NC(CSCc1ccccc1)=NS2(=O)=O,1
2-[4-[3-[2-[2-(3-methoxyphenyl)ethyl]phenoxy]propyl]piperazin-1-yl]pyrimidine,COc1cccc(CCc2ccccc2OCCCN2CCN(c3ncccn3)CC2)c1,1
Perphenazine,OCCN1CCN(CCCN2c3ccccc3Sc3ccc(Cl)cc32)CC1,1
LY335984,O[C@@H](COc1cccc2ncccc12)CN1CCN(C2c3ccccc3C3C(c4ccccc42)C3(Cl)Cl)CC1,1
Flavone,O=c1cc(-c2ccccc2)oc2ccccc12,1
(1S)-1-[2-[(2S)-3-[4-(4-fluorophenyl)piperazin-1-yl]-2-hydroxypropoxy]phenyl]-3-phenylpropan-1-ol,O[C@H](COc1ccccc1[C@@H](O)CCc1ccccc1)CN1CCN(c2ccc(F)cc2)CC1,1
(1R)-1-(3-ethyl-1-benzofuran-2-yl)-2-(propylamino)ethanol,CCCNC[C@@H](O)c1oc2ccccc2c1CC,1
"N-[(3,4-dimethoxyphenyl)methyl]-2-[2-(3-methoxyphenyl)ethyl]aniline",COc1cccc(CCc2ccccc2NCc2ccc(OC)c(OC)c2)c1,1
10-(4-chlorobutyl)acridin-10-ium-9-one,O=c1c2ccccc2n(CCCCCl)c2ccccc12,1
Mafenide,NCc1ccc(S(N)(=O)=O)cc1,1
10-(3-chloropropyl)acridin-10-ium-9-one,O=c1c2ccccc2n(CCCCl)c2ccccc12,1
1-[3-[2-[2-(3-methoxyphenyl)ethyl]phenoxy]propyl]-4-methylpiperazine,COc1cccc(CCc2ccccc2OCCCN2CCN(C)CC2)c1,1
2-[2-(3-methoxyphenyl)ethyl]-N-[(3-methoxyphenyl)methyl]aniline,COc1cccc(CCc2ccccc2NCc2cccc(OC)c2)c1,1
1-methoxy-4-[[2-[2-(3-methoxyphenyl)ethyl]phenoxy]methyl]benzene,COc1ccc(COc2ccccc2CCc2cccc(OC)c2)cc1,1
1-[2-[2-[2-(3-methoxyphenyl)ethyl]phenoxy]ethyl]-4-methylpiperazine,COc1cccc(CCc2ccccc2OCCN2CCN(C)CC2)c1,1
1-(2-methoxyphenyl)-4-[3-[2-[2-(3-methoxyphenyl)ethyl]phenoxy]propyl]piperazine,COc1cccc(CCc2ccccc2OCCCN2CCN(c3ccccc3OC)CC2)c1,1
"(2S)-6,7-dimethoxy-2-[3-[2-[2-(3-methoxyphenyl)ethyl]phenoxy]propyl]-3,4-dihydro-1H-isoquinoline",COc1cccc(CCc2ccccc2OCCCN2CCc3cc(OC)c(OC)cc3C2)c1,1
"(2S)-6,7-dimethoxy-2-[2-[2-[2-(3-methoxyphenyl)ethyl]phenoxy]ethyl]-3,4-dihydro-1H-isoquinoline",COc1cccc(CCc2ccccc2OCCN2CCc3cc(OC)c(OC)cc3C2)c1,1
1-methoxy-4-[(2-phenethylphenoxy)methyl]benzene,COc1ccc(COc2ccccc2CCc2ccccc2)cc1,1
1-(3-chlorophenyl)-4-[2-[2-[2-(3-methoxyphenyl)ethyl]phenoxy]ethyl]piperazine,COc1cccc(CCc2ccccc2OCCN2CCN(c3cccc(Cl)c3)CC2)c1,1
Trifluoperazine,CN1CCN(CCCN2c3ccccc3Sc3ccc(C(F)(F)F)cc32)CC1,1
Pimozide,O=c1[nH]c2ccccc2n1C1CCN(CCCC(c2ccc(F)cc2)c2ccc(F)cc2)CC1,1
"5,6,7,3',4',5'-Hexamethoxyflavone",COc1cc(-c2cc(=O)c3c(OC)c(OC)c(OC)cc3o2)cc(OC)c1OC,1
1-[5-[2-[2-(3-methoxyphenyl)ethyl]phenoxy]pentyl]-4-methylpiperazine,COc1cccc(CCc2ccccc2OCCCCCN2CCN(C)CC2)c1,1
Thalicarpine,COc1cc(C[C@@H]2c3cc(OC)c(OC)cc3CCN2C)c(Oc2cc3c(cc2OC)-c2c(OC)c(OC)cc4c2[C@@H](C3)N(C)CC4)cc1OC,1
Homoclomin,CN1CCCN([C@@H](c2ccccc2)c2ccc(Cl)cc2)CC1,1
1-[4-[2-[2-(3-methoxyphenyl)ethyl]phenoxy]butyl]-4-methylpiperazine,COc1cccc(CCc2ccccc2OCCCCN2CCN(C)CC2)c1,1
10-[3-[bis(2-hydroxyethyl)amino]propyl]acridin-10-ium-9-one,O=c1c2ccccc2n(CCCN(CCO)CCO)c2ccccc12,1
1-(4-fluorophenyl)-4-[2-[2-[2-(3-methoxyphenyl)ethyl]phenoxy]ethyl]piperazine,COc1cccc(CCc2ccccc2OCCN2CCN(c3ccc(F)cc3)CC2)c1,1
"1-[3-[(2R)-3-(3,3-diphenylpropylamino)-2-hydroxypropoxy]phenyl]-3-phenylpropan-1-one",O=C(CCc1ccccc1)c1cccc(OC[C@H](O)CNCCC(c2ccccc2)c2ccccc2)c1,1
"1,3-dimethoxy-5-[[2-[2-(3-methoxyphenyl)ethyl]phenoxy]methyl]benzene",COc1cccc(CCc2ccccc2OCc2cc(OC)cc(OC)c2)c1,1
Clomipramine,CN(C)CCCN1c2ccccc2CCc2ccc(Cl)cc21,1
"4-[3,5-bis(trifluoromethyl)phenyl]aniline",Nc1ccc(-c2cc(C(F)(F)F)cc(C(F)(F)F)c2)cc1,1
"1-[2-[(2R)-3-(4,4-diphenylbutylamino)-2-hydroxypropoxy]phenyl]-3-phenylpropan-1-one",O=C(CCc1ccccc1)c1ccccc1OC[C@H](O)CNCCCC(c1ccccc1)c1ccccc1,1
1-[2-[(2S)-3-(benzhydrylamino)-2-hydroxypropoxy]phenyl]-3-phenylpropan-1-one,O=C(CCc1ccccc1)c1ccccc1OC[C@@H](O)CNC(c1ccccc1)c1ccccc1,1
Amoxapine,Clc1ccc2c(c1)C(N1CCNCC1)=Nc1ccccc1O2,1
"5,7,3',4',5'-Pentamethoxyflavone",COc1cc(OC)c2c(=O)cc(-c3cc(OC)c(OC)c(OC)c3)oc2c1,1
"(2R)-2-[3-[2-[2-(3-methoxyphenyl)ethyl]phenoxy]propyl]-3,4-dihydro-1H-isoquinoline",COc1cccc(CCc2ccccc2OCCCN2CCc3ccccc3C2)c1,1
"1-[4-[(2S)-3-(3,3-diphenylpropylamino)-2-hydroxypropoxy]phenyl]-3-phenylpropan-1-one",O=C(CCc1ccccc1)c1ccc(OC[C@@H](O)CNCCC(c2ccccc2)c2ccccc2)cc1,1
"1-[2-[(2S)-3-(3,3-diphenylpropylamino)-2-hydroxypropoxy]phenyl]-3-phenylpropan-1-one",O=C(CCc1ccccc1)c1ccccc1OC[C@@H](O)CNCCC(c1ccccc1)c1ccccc1,1
"1,3-dimethoxy-5-[(2-phenethylphenoxy)methyl]benzene",COc1cc(COc2ccccc2CCc2ccccc2)cc(OC)c1,1
"(2S)-2-[2-[2-[2-(3-methoxyphenyl)ethyl]phenoxy]ethyl]-3,4-dihydro-1H-isoquinoline",COc1cccc(CCc2ccccc2OCCN2CCc3ccccc3C2)c1,1
1-(2-methoxyphenyl)-4-[4-[2-[2-(3-methoxyphenyl)ethyl]phenoxy]butyl]piperazine,COc1cccc(CCc2ccccc2OCCCCN2CCN(c3ccccc3OC)CC2)c1,1
Loxapine,CN1CCN(C2=Nc3ccccc3Oc3ccc(Cl)cc32)CC1,1
Isoconazole,Clc1ccc([C@H](Cn2ccnc2)OCc2c(Cl)cccc2Cl)c(Cl)c1,1
10-(3-chloropropyl)-4-methoxyacridin-10-ium-9-one,COc1cccc2c(=O)c3ccccc3n(CCCCl)c12,1
LY335980,O[C@H](COc1cccc2ncccc12)CN1CCN(C2c3ccccc3C3C(c4ccccc42)C3(F)F)CC1,1
LY335981,O[C@@H](COc1cccc2ncccc12)CN1CCN(C2c3ccccc3C3C(c4ccccc42)C3(F)F)CC1,1
LY335979(Zosuquidar),O[C@H](COc1cccc2ncccc12)CN1CCN(C2c3ccccc3[C@H]3[C@H](c4ccccc42)C3(F)F)CC1,1
LY3535977,O[C@@H](COc1cccc2ncccc12)CN1CCN(C2c3ccccc3[C@@H]3[C@H](c4ccccc42)C3(F)F)CC1,1
Cyproheptadine,CN1CCC(=C2c3ccccc3C=Cc3ccccc32)CC1,1
1-(3-chlorophenyl)-4-[3-[2-[2-(3-methoxyphenyl)ethyl]phenoxy]propyl]piperazine,COc1cccc(CCc2ccccc2OCCCN2CCN(c3cccc(Cl)c3)CC2)c1,1
"3-[2-(3,4-dimethoxyphenyl)ethyl-methylamino]propylBLAHdione",COc1ccc(CCN(C)CCCN2C(=O)[C@H]3C4c5ccccc5C(c5ccccc54)[C@@H]3C2=O)cc1OC,1
"1-[2-[(2S)-3-(3,3-diphenylpropylamino)-2-hydroxypropoxy]phenyl]-3-naphthalen-1-ylpropan-1-one",O=C(CCc1cccc2ccccc12)c1ccccc1OC[C@H](O)CNCCC(c1ccccc1)c1ccccc1,1
"1-[2-[(2S)-3-(3,3-diphenylpropylamino)-2-hydroxypropoxy]phenyl]-3-naphthalen-1-ylpropan-1-one",O=C(CCc1cccc2ccccc12)c1ccccc1OC[C@@H](O)CNCCC(c1ccccc1)c1ccccc1,1
Gallopamil,COc1ccc(CCN(C)CCC[C@@](C#N)(c2cc(OC)c(OC)c(OC)c2)C(C)C)cc1OC,1
Pimethixene,CN1CCC(=C2c3ccccc3Sc3ccccc32)CC1,1
Chloropromazine,CN(C)CCCN1c2ccccc2Sc2ccc(Cl)cc21,1
"(2R)-1-[4-(6,11-dihydro-5H-dibenzo[BLAH,BLAH][7]annulen-11-yl)piperazin-1-yl]-3-quinolin-5-yloxypropan-2-ol",O[C@@H](COc1cccc2ncccc12)CN1CCN(C2c3ccccc3CCc3ccccc32)CC1,1
LY350344,O[C@H](COc1cccc2ncccc12)CN1CCN(C2c3ccccc3[C@H]3C[C@H]3c3ccccc32)CC1,1
1-(4-fluorophenyl)-4-[3-[2-[2-(3-methoxyphenyl)ethyl]phenoxy]propyl]piperazine,COc1cccc(CCc2ccccc2OCCCN2CCN(c3ccc(F)cc3)CC2)c1,1
1-(2-methoxyphenyl)-4-[5-[2-[2-(3-methoxyphenyl)ethyl]phenoxy]pentyl]piperazine,COc1cccc(CCc2ccccc2OCCCCCN2CCN(c3ccccc3OC)CC2)c1,1
"2-[2-(3,4-dimethoxyphenyl)ethyl-methylamino]ethylBLAHdione",COc1ccc(CCN(C)CCN2C(=O)[C@@H]3C4c5ccccc5C(c5ccccc54)[C@H]3C2=O)cc1OC,1
4-methoxy-10-[3-(4-methylpiperazin-1-yl)propyl]acridin-10-ium-9-one,COc1cccc2c(=O)c3ccccc3n(CCCN3CCN(C)CC3)c12,1
"(2R)-N-[3-(5,6-dihydrodibenzo[BLAH,BLAH][7]annulen-11-ylidene)propyl]-1-(3,4-dimethoxyphenyl)propan-2-amine",COc1ccc(C[C@@H](C)NCCC=C2c3ccccc3CCc3ccccc32)cc1OC,1
Verapamil,COc1ccc(CCN(C)CCC[C@@](C#N)(c2ccc(OC)c(OC)c2)C(C)C)cc1OC,1
LY335983,O[C@H](COc1cccc2ncccc12)CN1CCN(C2c3ccccc3C3C(c4ccccc42)C3(Cl)Cl)CC1,1
10-[3-[bis(2-hydroxyethyl)amino]propyl]-4-methoxyacridin-10-ium-9-one,COc1cccc2c(=O)c3ccccc3n(CCCN(CCO)CCO)c12,1
Chlorphenesin carbamate,NC(=O)OC[C@@H](O)COc1ccc(Cl)cc1,1
10-(4-chlorobutyl)-4-methoxyacridin-10-ium-9-one,COc1cccc2c(=O)c3ccccc3n(CCCCCl)c12,1
Midazolam,Cc1ncc2n1-c1ccc(Cl)cc1C(c1ccccc1F)=NC2,1
Norgallopamil,COc1ccc(CCNCCC[C@](C#N)(c2cc(OC)c(OC)c(OC)c2)C(C)C)cc1OC,1
Mequitazine,c1ccc2c(c1)Sc1ccccc1N2C[C@H]1CN2CCC1CC2,1
"3,6,3',4'-Tetramethoxyflavone",COc1ccc2oc(-c3ccc(OC)c(OC)c3)c(OC)c(=O)c2c1,1
Laudanosine,COc1cc(Br)c(C[C@H]2c3cc(OC)c(OC)cc3CCN2C)cc1OC,1
Chlorprothixene,CN(C)CC/C=C1/c2ccccc2Sc2ccc(Cl)cc21,1
"2-N,4-N-bis[2-(2,3-dimethoxyphenyl)ethyl]-6,7-dimethoxyquinazoline-2,4-diamine",COc1cc2nc(NCCc3cccc(OC)c3OC)nc(NCCc3cccc(OC)c3OC)c2cc1OC,1
"3',4'-Dimethoxyflavone",COc1ccc(-c2cc(=O)c3ccccc3o2)cc1OC,1
10-[3-[4-(2-hydroxyethyl)piperazin-1-yl]propyl]-4-methoxyacridin-10-ium-9-one,COc1cccc2c(=O)c3ccccc3n(CCCN3CCN(CCO)CC3)c12,1
Olanzapine,Cc1cc2c(s1)Nc1ccccc1N=C2N1CCN(C)CC1,1
"5,6,7-trimethoxy-2-phenylchromen-4-one",COc1cc2oc(-c3ccccc3)cc(=O)c2c(OC)c1OC,1
1-(3-chlorophenyl)-4-[5-[2-[2-(3-methoxyphenyl)ethyl]phenoxy]pentyl]piperazine,COc1cccc(CCc2ccccc2OCCCCCN2CCN(c3cccc(Cl)c3)CC2)c1,1
"4-(6,7-dimethoxy-3,4-dihydro-1H-isoquinolin-2-yl)-N-[2-(2,3-dimethoxyphenyl)ethyl]-6,7-dimethoxyquinazolin-2-amine",COc1cc2c(cc1OC)CN(c1nc(NCCc3cccc(OC)c3OC)nc3cc(OC)c(OC)cc13)CC2,1
1-(3-chlorophenyl)-4-[4-[2-[2-(3-methoxyphenyl)ethyl]phenoxy]butyl]piperazine,COc1cccc(CCc2ccccc2OCCCCN2CCN(c3cccc(Cl)c3)CC2)c1,1
Doxeipin,CN(C)CC/C=C1/c2ccccc2COc2ccccc21,1
10-[3-[4-(2-hydroxyethyl)piperazin-1-yl]propyl]acridin-10-ium-9-one,O=c1c2ccccc2n(CCCN2CCN(CCO)CC2)c2ccccc12,1
(1S)-2-[4-(2-methoxyphenyl)piperazin-1-yl]-1-(3-phenethyl-1-benzofuran-2-yl)ethanol,COc1ccccc1N1CCN(C[C@H](O)c2oc3ccccc3c2CCc2ccccc2)CC1,1
N-[2-(3-phenethyl-1-benzofuran-2-yl)ethyl]propan-2-amine,CC(C)NCCc1oc2ccccc2c1CCc1ccccc1,1
Haloperidol,O=C(CCCN1CCC(O)(c2ccc(Cl)cc2)CC1)c1ccc(F)cc1,1
10-[3-(4-methylpiperazin-1-yl)propyl]acridin-10-ium-9-one,CN1CCN(CCCn2c3ccccc3c(=O)c3ccccc32)CC1,1
Spiperone,O=C(CCCN1CCC2(CC1)C(=O)NCN2c1ccccc1)c1ccc(F)cc1,1
"1-[2-[(2S)-3-(2,2-diphenylethylamino)-2-hydroxypropoxy]phenyl]-3-phenylpropan-1-one",O=C(CCc1ccccc1)c1ccccc1OC[C@H](O)CNCC(c1ccccc1)c1ccccc1,1
"1-[2-[(2S)-3-(2,2-diphenylethylamino)-2-hydroxypropoxy]phenyl]-3-phenylpropan-1-one",O=C(CCc1ccccc1)c1ccccc1OC[C@@H](O)CNCC(c1ccccc1)c1ccccc1,1
"5,6,7,3',4'-Pentamethoxyflavone",COc1ccc(-c2cc(=O)c3c(OC)c(OC)c(OC)cc3o2)cc1OC,1
"7,3',4'-Trimethoxyflavone",COc1ccc2c(=O)cc(-c3ccc(OC)c(OC)c3)oc2c1,1
Nobiletin,COc1ccc(-c2cc(=O)c3c(OC)c(OC)c(OC)c(OC)c3o2)cc1OC,1
1-[2-[(2R)-3-(4-benzylpiperazin-1-yl)-2-hydroxypropoxy]-5-phenylmethoxyphenyl]-3-phenylpropan-1-one,O=C(CCc1ccccc1)c1cc(OCc2ccccc2)ccc1OC[C@H](O)CN1CCN(Cc2ccccc2)CC1,1
"2-butylsulfanyl-3-prop-2-enylspiro[6H-benzo[h]quinazoline-5,1'-cyclopentane]-4-one",C=CCn1c(SCCCC)nc2c(c1=O)C1(CCCC1)Cc1ccccc1-2,1
10-[4-[4-(2-hydroxyethyl)piperazin-1-yl]butyl]acridin-10-ium-9-one,O=c1c2ccccc2n(CCCCN2CCN(CCO)CC2)c2ccccc12,1
"5,7-dimethoxy-2-phenyl-6-propoxychromen-4-one",CCCOc1c(OC)cc2oc(-c3ccccc3)cc(=O)c2c1OC,1
Norverapamil,COc1ccc(CCNCCC[C@@](C#N)(c2ccc(OC)c(OC)c2)C(C)C)cc1OC,1
Metanephrine,CNC[C@@H](O)c1ccc(O)c(OC)c1,1
"(2R)-6,7-dimethoxy-2-[5-[2-[2-(3-methoxyphenyl)ethyl]phenoxy]pentyl]-3,4-dihydro-1H-isoquinoline",COc1cccc(CCc2ccccc2OCCCCCN2CCc3cc(OC)c(OC)cc3C2)c1,1
"4-benzoyl-1-[(2R)-3-[di(propan-2-yl)amino]-2-hydroxypropyl]-5-methyl-2-phenylpyrazole-1,2-diium-3-one",Cc1c(C(=O)c2ccccc2)c(=O)n(-c2ccccc2)n1C[C@H](O)CN(C(C)C)C(C)C,1
"[(2S)-1-methoxy-3-methyl-1-oxobutan-2-yl](2S,3R)-3-hydroxy-2-methyldecanoate",CCCCCCC[C@@H](O)[C@H](C)C(=O)O[C@H](C(=O)OC)C(C)C,1
"(2S)-6,7-dimethoxy-2-[4-[2-[2-(3-methoxyphenyl)ethyl]phenoxy]butyl]-3,4-dihydro-1H-isoquinoline",COc1cccc(CCc2ccccc2OCCCCN2CCc3cc(OC)c(OC)cc3C2)c1,1
LY296097,CCCCS(=O)(=O)Oc1ccc2c(C(=O)c3ccc(OCCN4CCCCC4)cc3)c(-c3ccc(S(=O)(=O)CCCC)cc3)sc2c1,1
Levomeprazine,COc1ccc2c(c1)N(C[C@@H](C)CN(C)C)c1ccccc1S2,1
"5-methoxy-6,7-dipentoxy-2-phenylchromen-4-one",CCCCCOc1cc2oc(-c3ccccc3)cc(=O)c2c(OC)c1OCCCCC,1
S09788,C=CCNc1nc(NCC=C)nc(N2CCC(NCC(c3ccc(F)cc3)c3ccc(F)cc3)CC2)n1,1
10-[4-[bis(2-hydroxyethyl)amino]butyl]acridin-10-ium-9-one,O=c1c2ccccc2n(CCCCN(CCO)CCO)c2ccccc12,1
(2S)-1-[di(propan-2-yl)amino]-3-[2-[(1S)-1-methoxy-3-phenylpropyl]phenoxy]propan-2-ol,CO[C@@H](CCc1ccccc1)c1ccccc1OC[C@@H](O)CN(C(C)C)C(C)C,1
10-[4-[bis(2-hydroxyethyl)amino]butyl]-4-methoxyacridin-10-ium-9-one,COc1cccc2c(=O)c3ccccc3n(CCCCN(CCO)CCO)c12,1
"5-hydroxy-6,7-dimethoxy-2-phenylchromen-4-one",COc1cc2oc(-c3ccccc3)cc(=O)c2c(O)c1OC,1
Clofazimine,CC(C)/N=c1\cc2n(-c3ccc(Cl)cc3)c3ccccc3nc-2cc1Nc1ccc(Cl)cc1,1
Amitriptylline,CN(C)CCC=C1c2ccccc2CCc2ccccc21,1
5-hydroxy-7-methoxy-2-phenyl-6-propoxychromen-4-one,CCCOc1c(OC)cc2oc(-c3ccccc3)cc(=O)c2c1O,1
7-[(2S)-2-hydroxy-3-piperidin-1-ylpropoxy]-3-methylideneinden-1-one,C=C1CC(=O)c2c(OC[C@@H](O)CN3CCCCC3)cccc21,1
10-[4-(4-methylpiperazin-1-yl)butyl]acridin-10-ium-9-one,CN1CCN(CCCCn2c3ccccc3c(=O)c3ccccc32)CC1,1
(6-acetyloxy-5-hydroxy-4-oxo-2-phenylchromen-7-yl)acetate,CC(=O)Oc1cc2oc(-c3ccccc3)cc(=O)c2c(O)c1OC(C)=O,1
"5-hydroxy-2-phenyl-6,7-dipropoxychromen-4-one",CCCOc1cc2oc(-c3ccccc3)cc(=O)c2c(O)c1OCCC,1
4-[(2R)-2-hydroxy-3-piperidin-1-ylpropoxy]-3-methylideneinden-1-one,C=C1CC(=O)c2cccc(OC[C@H](O)CN3CCCCC3)c21,1
D-703,COc1cc([C@](C#N)(CCCN(C)CCc2ccc(OC)c(OC)c2)C(C)C)ccc1O,1
(5-acetyloxy-4-oxo-7-phenoxy-2-phenylchromen-6-yl)acetate,CC(=O)Oc1c(Oc2ccccc2)cc2oc(-c3ccccc3)cc(=O)c2c1OC(C)=O,1
"N-[(3,5-dimethoxyphenyl)methyl]-2-[2-(3-methoxyphenyl)ethyl]aniline",COc1cccc(CCc2ccccc2NCc2cc(OC)cc(OC)c2)c1,1
Quetiapine,OCCOCCN1CCN(C2=Nc3ccccc3Sc3ccccc32)CC1,1
4-methoxyacridin-10-ium-9-one,COc1cccc2c(=O)c3ccccc3[nH]c12,1
4-methoxy-10-(4-piperidin-1-ylbutyl)acridin-10-ium-9-one,COc1cccc2c(=O)c3ccccc3n(CCCCN3CCCCC3)c12,1
(6-acetyloxy-5-methoxy-4-oxo-2-phenylchromen-7-yl)acetate,COc1c(OC(C)=O)c(OC(C)=O)cc2oc(-c3ccccc3)cc(=O)c12,1
"(5,7-dimethoxy-4-oxo-2-phenylchromen-6-yl)acetate",COc1cc2oc(-c3ccccc3)cc(=O)c2c(OC)c1OC(C)=O,1
N-[(2S)-2-hydroxy-3-[2-(3-phenylpropanoyl)phenoxy]propyl]-N-propylbenzamide,CCCN(C[C@H](O)COc1ccccc1C(=O)CCc1ccccc1)C(=O)c1ccccc1,1
"9-methoxy-2,2,6-triphenyl-[1,3]dioxolo[4,5-g]chromen-8-one",COc1c2c(cc3oc(-c4ccccc4)cc(=O)c13)OC(c1ccccc1)(c1ccccc1)O2,1
Amodiaquine,CCN(CC)Cc1cc(Nc2ccnc3cc(Cl)ccc23)ccc1O,1
1-[2-[(2S)-3-[di(propan-2-yl)amino]-2-hydroxypropoxy]phenyl]-3-naphthalen-1-ylpropan-1-one,CC(C)N(C[C@H](O)COc1ccccc1C(=O)CCc1cccc2ccccc12)C(C)C,1
1-[2-[(2S)-3-[di(propan-2-yl)amino]-2-hydroxypropoxy]phenyl]-3-naphthalen-1-ylpropan-1-one,CC(C)N(C[C@@H](O)COc1ccccc1C(=O)CCc1cccc2ccccc12)C(C)C,1
Ketoconazole,CC(=O)N1CCN(c2ccc(OC[C@@H]3CO[C@@](Cn4ccnc4)(c4ccc(Cl)cc4Cl)O3)cc2)CC1,1
"(2R)-2-[5-[2-[2-(3-methoxyphenyl)ethyl]phenoxy]pentyl]-3,4-dihydro-1H-isoquinoline",COc1cccc(CCc2ccccc2OCCCCCN2CCc3ccccc3C2)c1,1
Fendiline,C[C@@H](NCCC(c1ccccc1)c1ccccc1)c1ccccc1,1
10-[4-[4-(2-hydroxyethyl)piperazin-1-yl]butyl]-4-methoxyacridin-10-ium-9-one,COc1cccc2c(=O)c3ccccc3n(CCCCN3CCN(CCO)CC3)c12,1
"(2S)-2-[4-[2-[2-(3-methoxyphenyl)ethyl]phenoxy]butyl]-3,4-dihydro-1H-isoquinoline",COc1cccc(CCc2ccccc2OCCCCN2CCc3ccccc3C2)c1,1
"(5,6-diacetyloxy-4-oxo-2-phenylchromen-7-yl)acetate",CC(=O)Oc1cc2oc(-c3ccccc3)cc(=O)c2c(OC(C)=O)c1OC(C)=O,1
(7-acetyloxy-8-bromo-5-hydroxy-4-oxo-2-phenylchromen-6-yl)acetate,CC(=O)Oc1c(OC(C)=O)c(O)c2c(=O)cc(-c3ccccc3)oc2c1Br,1
4-methoxy-10-[4-(4-methylpiperazin-1-yl)butyl]acridin-10-ium-9-one,COc1cccc2c(=O)c3ccccc3n(CCCCN3CCN(C)CC3)c12,1
4-methoxy-10-(3-piperidin-1-ylpropyl)acridin-10-ium-9-one,COc1cccc2c(=O)c3ccccc3n(CCCN3CCCCC3)c12,1
Tamolarizine,COc1ccc([C@@H](O)CN2CCN(C(c3ccccc3)c3ccccc3)CC2)cc1OC,1
1-[2-[(2R)-3-(4-benzylpiperazin-1-yl)-2-hydroxypropoxy]-5-phenoxyphenyl]-3-phenylpropan-1-one,O=C(CCc1ccccc1)c1cc(Oc2ccccc2)ccc1OC[C@H](O)CN1CCN(Cc2ccccc2)CC1,1
"6-ethoxy-5,7-dihydroxy-2-phenylchromen-4-one",CCOc1c(O)cc2oc(-c3ccccc3)cc(=O)c2c1O,1
6-ethoxy-5-hydroxy-7-methoxy-2-phenylchromen-4-one,CCOc1c(OC)cc2oc(-c3ccccc3)cc(=O)c2c1O,1
Benzidamine,CN(C)CCCOc1nn(Cc2ccccc2)c2ccccc12,1
Pentoxifylline,CC(=O)CCCCn1c(=O)c2c(ncn2C)n(C)c1=O,1
Carvedilol,COc1ccccc1OCCNC[C@H](O)COc1cccc2[nH]c3ccccc3c12,1
4-methoxy-10-(3-morpholin-4-ylpropyl)acridin-10-ium-9-one,COc1cccc2c(=O)c3ccccc3n(CCCN3CCOCC3)c12,1
4-methoxy-10-(4-morpholin-4-ylbutyl)acridin-10-ium-9-one,COc1cccc2c(=O)c3ccccc3n(CCCCN3CCOCC3)c12,1
"(5,7-dihydroxy-4-oxo-2-phenylchromen-6-yl)acetate",CC(=O)Oc1c(O)cc2oc(-c3ccccc3)cc(=O)c2c1O,1
1-[2-[(2S)-2-hydroxy-3-(4-hydroxy-4-phenylpiperidin-1-yl)propoxy]phenyl]-3-naphthalen-1-ylpropan-1-one,O=C(CCc1cccc2ccccc12)c1ccccc1OC[C@@H](O)CN1CCC(O)(c2ccccc2)CC1,1
(1S)-1-[2-[(2S)-3-(dipropylamino)-2-hydroxypropoxy]phenyl]-3-phenylpropan-1-ol,CCCN(CCC)C[C@H](O)COc1ccccc1[C@@H](O)CCc1ccccc1,1
"6,7-dibutoxy-5-hydroxy-2-phenylchromen-4-one",CCCCOc1cc2oc(-c3ccccc3)cc(=O)c2c(O)c1OCCCC,1
"4-[2-(3,4-dimethoxyphenyl)ethyl-methylamino]but-2-ynylBLAHdione",COc1ccc(CCN(C)CC#CCN2C(=O)[C@H]3C4c5ccccc5C(c5ccccc54)[C@H]3C2=O)cc1OC,1
1-[2-[(2R)-3-[di(propan-2-yl)amino]-2-hydroxypropoxy]-5-phenylmethoxyphenyl]-3-phenylpropan-1-one,CC(C)N(C[C@@H](O)COc1ccc(OCc2ccccc2)cc1C(=O)CCc1ccccc1)C(C)C,1
Loratadine,CCOC(=O)N1CCC(=C2c3ccc(Cl)cc3CCc3cccnc32)CC1,1
1-[2-[(2S)-2-hydroxy-3-(4-hydroxy-4-phenylpiperidin-1-yl)propoxy]phenyl]-2-naphthalen-1-ylethanone,O=C(Cc1cccc2ccccc12)c1ccccc1OC[C@@H](O)CN1CCC(O)(c2ccccc2)CC1,1
(1S)-2-[4-(3-methoxyphenyl)piperazin-1-yl]-1-(3-phenethyl-1-benzofuran-2-yl)ethanol,COc1cccc(N2CCN(C[C@H](O)c3oc4ccccc4c3CCc3ccccc3)CC2)c1,1
Fenoterol,C[C@H](Cc1ccc(O)cc1)NC[C@H](O)c1cc(O)cc(O)c1,1
"3,7-Dihydroxy-3',4'-dimethoxyflavone",COc1ccc(-c2oc3cc(O)ccc3c(=O)c2O)cc1OC,1
1-[2-[(2S)-2-hydroxy-3-(4-hydroxy-4-phenylpiperidin-1-yl)propoxy]phenyl]-3-phenylpropan-1-one,O=C(CCc1ccccc1)c1ccccc1OC[C@H](O)CN1CCC(O)(c2ccccc2)CC1,1
1-[2-[(2S)-2-hydroxy-3-(4-hydroxy-4-phenylpiperidin-1-yl)propoxy]phenyl]-3-phenylpropan-1-one,O=C(CCc1ccccc1)c1ccccc1OC[C@@H](O)CN1CCC(O)(c2ccccc2)CC1,1
"5,7-dihydroxy-2-phenyl-6-propoxychromen-4-one",CCCOc1c(O)cc2oc(-c3ccccc3)cc(=O)c2c1O,1
1-[2-[(2R)-3-(4-benzylpiperazin-1-yl)-2-hydroxypropoxy]-5-hydroxyphenyl]-3-phenylpropan-1-one,O=C(CCc1ccccc1)c1cc(O)ccc1OC[C@H](O)CN1CCN(Cc2ccccc2)CC1,1
1-[2-[(2S)-2-hydroxy-3-morpholin-4-ylpropoxy]phenyl]-3-naphthalen-1-ylpropan-1-one,O=C(CCc1cccc2ccccc12)c1ccccc1OC[C@@H](O)CN1CCOCC1,1
Maprotiline,CNCCCC12CCC(c3ccccc31)c1ccccc12,1
"6,7-diethoxy-5-methoxy-2-phenylchromen-4-one",CCOc1cc2oc(-c3ccccc3)cc(=O)c2c(OC)c1OCC,1
1-(4-fluorophenyl)-4-[4-[2-[2-(3-methoxyphenyl)ethyl]phenoxy]butyl]piperazine,COc1cccc(CCc2ccccc2OCCCCN2CCN(c3ccc(F)cc3)CC2)c1,1
(2R)-1-(dipropylamino)-3-[2-[(1S)-1-methoxy-3-phenylpropyl]phenoxy]propan-2-ol,CCCN(CCC)C[C@@H](O)COc1ccccc1[C@H](CCc1ccccc1)OC,1
"2-[(2R,3R)-3-(3,4-dimethoxyphenyl)-2-(hydroxymethyl)-2,3-dihydro-1,4-benzodioxin-6-yl]-5-hydroxy-3,7-dimethoxychromen-4-one",COc1cc(O)c2c(=O)c(OC)c(-c3ccc4c(c3)O[C@H](c3ccc(OC)c(OC)c3)[C@@H](CO)O4)oc2c1,1
"5-hydroxy-2-[(2R,3R)-3-(4-hydroxy-3-methoxyphenyl)-2-(hydroxymethyl)-2,3-dihydro-1,4-benzodioxin-6-yl]-3,7-dimethoxychromen-4-one",COc1cc(O)c2c(=O)c(OC)c(-c3ccc4c(c3)O[C@H](c3ccc(O)c(OC)c3)[C@@H](CO)O4)oc2c1,1
1-[2-[(2S)-2-hydroxy-3-[4-(2-methylphenyl)piperazin-1-yl]propoxy]-5-methoxyphenyl]ethanone,COc1ccc(OC[C@@H](O)CN2CCN(c3ccccc3C)CC2)c(C(C)=O)c1,1
"1-[(2S)-2-hydroxy-3-(propylamino)propyl]-5-methyl-2-phenyl-4-(3-phenylpropanoyl)pyrazole-1,2-diium-3-one",CCCNC[C@H](O)Cn1c(C)c(C(=O)CCc2ccccc2)c(=O)n1-c1ccccc1,1
Emopamil,CC(C)[C@](C#N)(CCCN(C)CCc1ccccc1)c1ccccc1,1
1-[2-[(2S)-2-hydroxy-3-(propylamino)propoxy]-5-phenylmethoxyphenyl]-3-phenylpropan-1-one,CCCNC[C@H](O)COc1ccc(OCc2ccccc2)cc1C(=O)CCc1ccccc1,1
1-[2-[(2S)-2-hydroxy-3-[4-(trifluoromethyl)anilino]propoxy]phenyl]-3-phenylpropan-1-one,O=C(CCc1ccccc1)c1ccccc1OC[C@@H](O)CNc1ccc(C(F)(F)F)cc1,1
"1-[4,5-dichloro-2-[(2R)-2-hydroxy-3-[4-(2-methylphenyl)piperazin-1-yl]propoxy]phenyl]ethanone",CC(=O)c1cc(Cl)c(Cl)cc1OC[C@H](O)CN1CCN(c2ccccc2C)CC1,1
1-[2-[(2R)-2-hydroxy-3-piperidin-1-ylpropoxy]phenyl]-3-naphthalen-1-ylpropan-1-one,O=C(CCc1cccc2ccccc12)c1ccccc1OC[C@H](O)CN1CCCCC1,1
1-[2-[(2R)-2-hydroxy-3-piperidin-1-ylpropoxy]phenyl]-3-naphthalen-1-ylpropan-1-one,O=C(CCc1cccc2ccccc12)c1ccccc1OC[C@@H](O)CN1CCCCC1,1
Fipexide,O=C(COc1ccc(Cl)cc1)N1CCN(Cc2ccc3c(c2)OCO3)CC1,1
1-[2-[(3R)-3-hydroxy-4-[4-(2-methylphenyl)piperazin-1-yl]butoxy]-5-methoxyphenyl]-3-phenylpropan-1-one,COc1ccc(OCC[C@@H](O)CN2CCN(c3ccccc3C)CC2)c(C(=O)CCc2ccccc2)c1,1
Tamoxifen,CC/C(=C(/c1ccccc1)c1ccc(OCCN(C)C)cc1)c1ccccc1,1
N-[(2S)-2-hydroxy-3-[2-(3-phenylpropanoyl)phenoxy]propyl]-N-phenylpropanamide,CCC(=O)N(C[C@H](O)COc1ccccc1C(=O)CCc1ccccc1)c1ccccc1,1
1-[2-[(2S)-2-hydroxy-3-[[(1R)-2-methyl-1-phenylpropyl]amino]propoxy]phenyl]-3-phenylpropan-1-one,CC(C)[C@@H](NC[C@H](O)COc1ccccc1C(=O)CCc1ccccc1)c1ccccc1,1
"[5-[(2S)-3-[di(propan-2-yl)amino]-2-hydroxypropoxy]-1,3-dimethylpyrazol-1-ium-4-id-4-yl]-phenylmethanone",Cc1nn(C)c(OC[C@@H](O)CN(C(C)C)C(C)C)c1C(=O)c1ccccc1,1
"6,7-diethoxy-5-hydroxy-2-phenylchromen-4-one",CCOc1cc2oc(-c3ccccc3)cc(=O)c2c(O)c1OCC,1
1-[2-[(2S)-3-anilino-2-hydroxypropoxy]phenyl]-3-phenylpropan-1-one,O=C(CCc1ccccc1)c1ccccc1OC[C@H](O)CNc1ccccc1,1
1-[2-[(2S)-3-anilino-2-hydroxypropoxy]phenyl]-3-phenylpropan-1-one,O=C(CCc1ccccc1)c1ccccc1OC[C@@H](O)CNc1ccccc1,1
(2R)-1-[2-[(1R)-1-methoxy-3-phenylpropyl]phenoxy]-3-morpholin-4-ylpropan-2-ol,CO[C@H](CCc1ccccc1)c1ccccc1OC[C@H](O)CN1CCOCC1,1
"1-[(2R)-2-hydroxy-3-(propan-2-ylamino)propyl]-5-methyl-2-phenyl-4-(3-phenylpropanoyl)pyrazole-1,2-diium-3-one",Cc1c(C(=O)CCc2ccccc2)c(=O)n(-c2ccccc2)n1C[C@H](O)CNC(C)C,1
1-[2-[(2S)-3-[di(propan-2-yl)amino]-2-hydroxypropoxy]phenyl]-3-phenylpropan-1-one,CC(C)N(C[C@H](O)COc1ccccc1C(=O)CCc1ccccc1)C(C)C,1
1-[2-[(2R)-2-hydroxy-3-(propan-2-ylamino)propoxy]-5-phenoxyphenyl]-3-phenylpropan-1-one,CC(C)NC[C@@H](O)COc1ccc(Oc2ccccc2)cc1C(=O)CCc1ccccc1,1
1-[5-hydroxy-2-[(2S)-2-hydroxy-3-(propylamino)propoxy]phenyl]-3-phenylpropan-1-one,CCCNC[C@H](O)COc1ccc(O)cc1C(=O)CCc1ccccc1,1
(2S)-1-[4-(4-fluorophenyl)piperazin-1-yl]-3-[2-[(1S)-1-methoxy-3-phenylpropyl]phenoxy]propan-2-ol,CO[C@@H](CCc1ccccc1)c1ccccc1OC[C@@H](O)CN1CCN(c2ccc(F)cc2)CC1,1
(2R)-1-[4-(4-fluorophenyl)piperazin-1-yl]-3-[2-[(1S)-1-methoxy-3-phenylpropyl]phenoxy]propan-2-ol,CO[C@@H](CCc1ccccc1)c1ccccc1OC[C@H](O)CN1CCN(c2ccc(F)cc2)CC1,1
[5-[(2S)-3-[di(propan-2-yl)amino]-2-hydroxypropoxy]-3-methyl-1-phenylpyrazol-1-ium-4-id-4-yl]-phenylmethanone,Cc1nn(-c2ccccc2)c(OC[C@@H](O)CN(C(C)C)C(C)C)c1C(=O)c1ccccc1,1
"1-[4-[(2R)-2-hydroxy-3-quinolin-5-yloxypropyl]piperazin-1-yl]-2,2-diphenylethanone",O=C(C(c1ccccc1)c1ccccc1)N1CCN(C[C@@H](O)COc2cccc3ncccc23)CC1,1
"1-[4-[(2R)-2-hydroxy-3-quinolin-5-yloxypropyl]piperazin-1-yl]-2,2-diphenylethanone",O=C(C(c1ccccc1)c1ccccc1)N1CCN(C[C@H](O)COc2cccc3ncccc23)CC1,1
1-[2-[(2S)-2-hydroxy-3-(4-hydroxy-4-phenylpiperidin-1-yl)propoxy]phenyl]ethanone,CC(=O)c1ccccc1OC[C@@H](O)CN1CCC(O)(c2ccccc2)CC1,1
Loperamide,CN(C)C(=O)C(CCN1CCC(O)(c2ccc(Cl)cc2)CC1)(c1ccccc1)c1ccccc1,1
1-[5-acetyl-4-[(2S)-2-hydroxy-3-[4-(2-methylphenyl)piperazin-1-yl]propoxy]-2-methylphenyl]ethanone,CC(=O)c1cc(C(C)=O)c(OC[C@@H](O)CN2CCN(c3ccccc3C)CC2)cc1C,1
[2-[(2S)-2-hydroxy-3-(4-hydroxy-4-phenylpiperidin-1-yl)propoxy]phenyl]-phenylmethanone,O=C(c1ccccc1)c1ccccc1OC[C@H](O)CN1CCC(O)(c2ccccc2)CC1,1
[2-[(2S)-2-hydroxy-3-(4-hydroxy-4-phenylpiperidin-1-yl)propoxy]phenyl]-phenylmethanone,O=C(c1ccccc1)c1ccccc1OC[C@@H](O)CN1CCC(O)(c2ccccc2)CC1,1
"5,7-dihydroxy-2-[4-[2-[2-[2-(2-hydroxyethoxy)ethoxy]ethoxy]ethoxy]phenyl]chromen-4-one",O=c1cc(-c2ccc(OCCOCCOCCOCCO)cc2)oc2cc(O)cc(O)c12,1
1-[2-[(2R)-2-hydroxy-3-[4-(2-methylphenyl)piperazin-1-yl]propoxy]phenyl]-3-(4-methoxyphenyl)propan-1-one,COc1ccc(CCC(=O)c2ccccc2OC[C@H](O)CN2CCN(c3ccccc3C)CC2)cc1,1
Propafenone,CCCNC[C@@H](O)COc1ccccc1C(=O)CCc1ccccc1,1
1-[2-[(2R)-2-hydroxy-3-(propylamino)propoxy]phenyl]-3-phenylpropan-1-one,CCCNC[C@@H](O)COc1ccccc1C(=O)CCc1ccccc1,1
1-[2-[(2R)-2-hydroxy-3-(propylamino)propoxy]phenyl]-3-phenylpropan-1-one,CCCNC[C@H](O)COc1ccccc1C(=O)CCc1ccccc1,1
"3,5,7-Trihydroxy-3',4',5'-trimethoxyflavone",COc1cc(-c2oc3cc(O)cc(O)c3c(=O)c2O)cc(OC)c1OC,1
"2-[(2R,3R)-3-(3,4-dimethoxyphenyl)-2-(hydroxymethyl)-2,3-dihydro-1,4-benzodioxin-6-yl]-3-hydroxy-5,7-dimethoxychromen-4-one",COc1cc(OC)c2c(=O)c(O)c(-c3ccc4c(c3)O[C@H](c3ccc(OC)c(OC)c3)[C@@H](CO)O4)oc2c1,1
1-[2-[(2R)-2-hydroxy-3-[4-(2-methylphenyl)piperazin-1-yl]propoxy]phenyl]ethanone,CC(=O)c1ccccc1OC[C@H](O)CN1CCN(c2ccccc2C)CC1,1
diphenylbis(hydroxymethyl)-diphenylBLAHdicarboxylate,O=C(Oc1ccccc1)N1[C@H]2C3[C@@H]4N(C(=O)Oc5ccccc5)[C@@H]5C([C@@H](c6ccccc6)C24CO)[C@H]1C5(CO)[C@@H]3c1ccccc1,1
"2-[(2R,3R)-3-(3,4-dimethoxyphenyl)-2-(hydroxymethyl)-2,3-dihydro-1,4-benzodioxin-6-yl]-3,5-dihydroxy-7-methoxychromen-4-one",COc1cc(O)c2c(=O)c(O)c(-c3ccc4c(c3)O[C@H](c3ccc(OC)c(OC)c3)[C@@H](CO)O4)oc2c1,1
"3,5-dihydroxy-2-[(2R,3R)-3-(4-hydroxy-3-methoxyphenyl)-2-(hydroxymethyl)-2,3-dihydro-1,4-benzodioxin-6-yl]-7-methoxychromen-4-one",COc1cc(O)c2c(=O)c(O)c(-c3ccc4c(c3)O[C@H](c3ccc(O)c(OC)c3)[C@@H](CO)O4)oc2c1,1
"1-[2-[(2S)-3-[[(1R)-2,2-dimethyl-1-phenylpropyl]amino]-2-hydroxypropoxy]phenyl]-3-phenylpropan-1-one",CC(C)(C)[C@@H](NC[C@H](O)COc1ccccc1C(=O)CCc1ccccc1)c1ccccc1,1
1-[2-[(2S)-3-(4-benzoylpiperazin-1-yl)-2-hydroxypropoxy]phenyl]-3-phenylpropan-1-one,O=C(CCc1ccccc1)c1ccccc1OC[C@@H](O)CN1CCN(C(=O)c2ccccc2)CC1,1
"(2R)-7-[(2R)-3-[4-(2,3-dimethylphenyl)piperazin-1-yl]-2-hydroxypropoxy]-3-methylidene-2-phenylinden-1-one",C=C1c2cccc(OC[C@H](O)CN3CCN(c4cccc(C)c4C)CC3)c2C(=O)[C@@H]1c1ccccc1,1
"1-[(2R)-3-(butylamino)-2-hydroxypropyl]-5-methyl-2-phenyl-4-(3-phenylpropanoyl)pyrazole-1,2-diium-3-one",CCCCNC[C@@H](O)Cn1c(C)c(C(=O)CCc2ccccc2)c(=O)n1-c1ccccc1,1
1-[2-[(2R)-2-hydroxy-3-[4-(2-methylphenyl)piperazin-1-yl]propoxy]-4-methylphenyl]ethanone,CC(=O)c1ccc(C)cc1OC[C@H](O)CN1CCN(c2ccccc2C)CC1,1
"4-N-benzyl-2-N-[2-(3,4-dimethoxyphenyl)ethyl]-4-N,6-dimethylquinazoline-2,4-diamine",COc1ccc(CCNc2nc(N(C)Cc3ccccc3)c3cc(C)ccc3n2)cc1OC,1
1-[3-[(2S)-3-[4-(4-fluorophenyl)piperazin-1-yl]-2-hydroxypropoxy]phenyl]ethanone,CC(=O)c1cccc(OC[C@@H](O)CN2CCN(c3ccc(F)cc3)CC2)c1,1
1-[3-[(2R)-3-[4-(4-fluorophenyl)piperazin-1-yl]-2-hydroxypropoxy]phenyl]ethanone,CC(=O)c1cccc(OC[C@H](O)CN2CCN(c3ccc(F)cc3)CC2)c1,1
"9-hydroxy-6-phenyl-[1,3]dioxolo[4,5-g]chromen-8-one",O=c1cc(-c2ccccc2)oc2cc3c(c(O)c12)OCO3,1
1-[2-[(2S)-2-hydroxy-3-morpholin-4-ylpropoxy]phenyl]-3-phenylpropan-1-one,O=C(CCc1ccccc1)c1ccccc1OC[C@@H](O)CN1CCOCC1,1
"1-[4,5-dichloro-2-[(2S)-2-hydroxy-3-[4-(2-methylphenyl)piperazin-1-yl]propoxy]phenyl]-3-phenylpropan-1-one",Cc1ccccc1N1CCN(C[C@H](O)COc2cc(Cl)c(Cl)cc2C(=O)CCc2ccccc2)CC1,1
1-[5-chloro-2-[(2S)-2-hydroxy-3-[4-(2-methylphenyl)piperazin-1-yl]propoxy]phenyl]-3-phenylpropan-1-one,Cc1ccccc1N1CCN(C[C@H](O)COc2ccc(Cl)cc2C(=O)CCc2ccccc2)CC1,1
"5,7,4'-Trimethoxyflavone",COc1ccc(-c2cc(=O)c3c(OC)cc(OC)cc3o2)cc1,1
Noscapine,COc1ccc2c(c1OC)C(=O)O[C@@H]2[C@H]1c2c(cc3c(c2OC)OCO3)CCN1C,1
1-[2-[(2S)-3-(cyclohexylamino)-2-hydroxypropoxy]phenyl]-3-phenylpropan-1-one,O=C(CCc1ccccc1)c1ccccc1OC[C@@H](O)CNC1CCCCC1,1
1-[2-[(2S)-3-(cyclohexylamino)-2-hydroxypropoxy]phenyl]-3-phenylpropan-1-one,O=C(CCc1ccccc1)c1ccccc1OC[C@H](O)CNC1CCCCC1,1
"1-[2-[(2R)-3-[4-(2,3-dimethylphenyl)piperazin-1-yl]-2-hydroxypropoxy]phenyl]-3-phenylpropan-1-one",Cc1cccc(N2CCN(C[C@@H](O)COc3ccccc3C(=O)CCc3ccccc3)CC2)c1C,1
1-[2-[(2S)-2-hydroxy-3-(4-hydroxy-4-phenylpiperidin-1-yl)propoxy]phenyl]propan-1-one,CCC(=O)c1ccccc1OC[C@H](O)CN1CCC(O)(c2ccccc2)CC1,1
1-[3-[(2R)-2-hydroxy-3-morpholin-4-ylpropoxy]phenyl]-3-phenylpropan-1-one,O=C(CCc1ccccc1)c1cccc(OC[C@H](O)CN2CCOCC2)c1,1
1-[2-[(2S)-3-(benzylamino)-2-hydroxypropoxy]phenyl]-3-phenylpropan-1-one,O=C(CCc1ccccc1)c1ccccc1OC[C@@H](O)CNCc1ccccc1,1
(2S)-7-[(2S)-2-hydroxy-3-piperidin-1-ylpropoxy]-3-methylidene-2-phenylinden-1-one,C=C1c2cccc(OC[C@@H](O)CN3CCCCC3)c2C(=O)[C@H]1c1ccccc1,1
(2R)-4-[(2S)-2-hydroxy-3-piperidin-1-ylpropoxy]-3-methylidene-2-phenylinden-1-one,C=C1c2c(OC[C@@H](O)CN3CCCCC3)cccc2C(=O)[C@@H]1c1ccccc1,1
1-[2-[(2R)-2-hydroxy-3-[4-(2-methylphenyl)piperazin-1-yl]propoxy]-5-methylphenyl]-3-phenylpropan-1-one,Cc1ccc(OC[C@H](O)CN2CCN(c3ccccc3C)CC2)c(C(=O)CCc2ccccc2)c1,1
10-(3-morpholin-4-ylpropyl)acridin-10-ium-9-one,O=c1c2ccccc2n(CCCN2CCOCC2)c2ccccc12,1
10-(4-morpholin-4-ylbutyl)acridin-10-ium-9-one,O=c1c2ccccc2n(CCCCN2CCOCC2)c2ccccc12,1
(5-hydroxy-4-oxo-2-phenyl-6-phenylmethoxychromen-7-yl)acetate,CC(=O)Oc1cc2oc(-c3ccccc3)cc(=O)c2c(O)c1OCc1ccccc1,1
"9-methoxy-6-phenyl-[1,3]dioxolo[4,5-g]chromen-8-one",COc1c2c(cc3oc(-c4ccccc4)cc(=O)c13)OCO2,1
"2-[(2R,3S)-3-(3,4-dimethoxyphenyl)-2-(hydroxymethyl)-2,3-dihydro-1,4-benzodioxin-6-yl]-5,7-dihydroxy-3-methoxychromen-4-one",COc1ccc([C@@H]2Oc3cc(-c4oc5cc(O)cc(O)c5c(=O)c4OC)ccc3O[C@@H]2CO)cc1OC,1
"1-[2-[(2S)-3-[4-(2,3-dimethylphenyl)piperazin-1-yl]-2-hydroxypropoxy]phenyl]ethanone",CC(=O)c1ccccc1OC[C@@H](O)CN1CCN(c2cccc(C)c2C)CC1,1
"1-[2-[(2R)-3-[4-(2,3-dimethylphenyl)piperazin-1-yl]-2-hydroxypropoxy]phenyl]ethanone",CC(=O)c1ccccc1OC[C@H](O)CN1CCN(c2cccc(C)c2C)CC1,1
1-[2-[(2S)-2-hydroxy-3-[4-(2-methylphenyl)piperazin-1-yl]propoxy]phenyl]-3-phenylpropan-1-one,Cc1ccccc1N1CCN(C[C@H](O)COc2ccccc2C(=O)CCc2ccccc2)CC1,1
"1-[3-[(2S)-3-[4-(2,3-dimethylphenyl)piperazin-1-yl]-2-hydroxypropoxy]phenyl]ethanone",CC(=O)c1cccc(OC[C@@H](O)CN2CCN(c3cccc(C)c3C)CC2)c1,1
"4-(6,7-dimethoxy-3,4-dihydro-1H-isoquinolin-2-yl)-2-N-[2-(3,4-dimethoxyphenyl)ethyl]-6-N,6-N-dimethylquinazoline-2,6-diamine",COc1ccc(CCNc2nc(N3CCc4cc(OC)c(OC)cc4C3)c3cc(N(C)C)ccc3n2)cc1OC,1
3-(4-chlorophenyl)-1-[2-[(2S)-2-hydroxy-3-[4-(2-methylphenyl)piperazin-1-yl]propoxy]phenyl]propan-1-one,Cc1ccccc1N1CCN(C[C@H](O)COc2ccccc2C(=O)CCc2ccc(Cl)cc2)CC1,1
Amiodarone,CCCCc1oc2ccccc2c1C(=O)c1cc(I)c(OCCN(CC)CC)c(I)c1,1
Hydrastine,COc1ccc2c(c1OC)C(=O)O[C@@H]2[C@H]1c2cc3c(cc2CCN1C)OCO3,1
1-[3-[(2R)-2-hydroxy-3-[4-(2-methylphenyl)piperazin-1-yl]propoxy]phenyl]ethanone,CC(=O)c1cccc(OC[C@H](O)CN2CCN(c3ccccc3C)CC2)c1,1
1-[3-[(2S)-2-hydroxy-3-[4-(2-methylphenyl)piperazin-1-yl]propoxy]phenyl]ethanone,CC(=O)c1cccc(OC[C@@H](O)CN2CCN(c3ccccc3C)CC2)c1,1
(5-acetyloxy-4-oxo-2-phenyl-7-phenylmethoxychromen-6-yl)acetate,CC(=O)Oc1c(OCc2ccccc2)cc2oc(-c3ccccc3)cc(=O)c2c1OC(C)=O,1
(6-acetyloxy-4-oxo-2-phenyl-5-phenylmethoxychromen-7-yl)acetate,CC(=O)Oc1cc2oc(-c3ccccc3)cc(=O)c2c(OCc2ccccc2)c1OC(C)=O,1
1-[2-[(2S)-2-hydroxy-3-(4-hydroxy-4-phenylpiperidin-1-yl)propoxy]phenyl]propan-1-one,CCC(=O)c1ccccc1OC[C@@H](O)CN1CCC(O)(c2ccccc2)CC1,1
1-[2-[(2S)-2-hydroxy-3-piperidin-1-ylpropoxy]-5-methylphenyl]ethanone,CC(=O)c1cc(C)ccc1OC[C@@H](O)CN1CCCCC1,1
1-[2-[(2S)-2-hydroxy-3-(4-nitroanilino)propoxy]phenyl]-3-phenylpropan-1-one,O=C(CCc1ccccc1)c1ccccc1OC[C@@H](O)CNc1ccc([N+](=O)[O-])cc1,1
Methixene,CN1CCC[C@H](CC2c3ccccc3Sc3ccccc32)C1,1
Clemastine,CN1CCC[C@H]1CCO[C@](C)(c1ccccc1)c1ccc(Cl)cc1,1
Terfenadine,CC(C)(C)c1ccc([C@H](O)CCCN2CCC(C(O)(c3ccccc3)c3ccccc3)CC2)cc1,1
"(2R,3R)-3,5-dihydroxy-2-[(2R,3S)-3-(4-hydroxy-3-methoxyphenyl)-2-(hydroxymethyl)-2,3-dihydro-1,4-benzodioxin-6-yl]-7-phenylmethoxy-2,3-dihydrochromen-4-one",COc1cc([C@@H]2Oc3cc([C@H]4Oc5cc(OCc6ccccc6)cc(O)c5C(=O)[C@@H]4O)ccc3O[C@H]2CO)ccc1O,1
JTV 519,COc1ccc2c(c1)CN(C(=O)CCN1CCC(Cc3ccccc3)CC1)CCS2,1
1-[3-[(2R)-2-hydroxy-3-piperidin-1-ylpropoxy]phenyl]ethanone,CC(=O)c1cccc(OC[C@H](O)CN2CCCCC2)c1,1
1-[2-[(2S)-2-hydroxy-3-[4-(2-methylphenyl)piperazin-1-yl]propoxy]-5-methylphenyl]ethanone,CC(=O)c1cc(C)ccc1OC[C@@H](O)CN1CCN(c2ccccc2C)CC1,1
"1-[4-[(2S)-3-(3,3-diphenylpropylamino)-2-hydroxypropoxy]phenyl]ethanone",CC(=O)c1ccc(OC[C@@H](O)CNCCC(c2ccccc2)c2ccccc2)cc1,1
1-[2-[(2S)-3-[4-(4-fluorophenyl)piperazin-1-yl]-2-hydroxypropoxy]phenyl]ethanone,CC(=O)c1ccccc1OC[C@@H](O)CN1CCN(c2ccc(F)cc2)CC1,1
Diltiazem,COc1ccc([C@H]2Sc3ccccc3N(CCN(C)C)C(=O)[C@@H]2OC(C)=O)cc1,1
"1-[(2S)-3-(tert-butylamino)-2-hydroxypropyl]-5-methyl-2-phenyl-4-(3-phenylpropanoyl)pyrazole-1,2-diium-3-one",Cc1c(C(=O)CCc2ccccc2)c(=O)n(-c2ccccc2)n1C[C@@H](O)CNC(C)(C)C,1
"6,7-dibutoxy-5-methoxy-2-phenylchromen-4-one",CCCCOc1cc2oc(-c3ccccc3)cc(=O)c2c(OC)c1OCCCC,1
1-[2-[(2S)-3-(4-benzylpiperidin-1-yl)-2-hydroxypropoxy]phenyl]-3-phenylpropan-1-one,O=C(CCc1ccccc1)c1ccccc1OC[C@@H](O)CN1CCC(Cc2ccccc2)CC1,1
1-[2-[(2R)-2-hydroxy-3-piperidin-1-ylpropoxy]phenyl]propan-1-one,CCC(=O)c1ccccc1OC[C@H](O)CN1CCCCC1,1
"3,5,7-trihydroxy-2-[(2R,3R)-3-(4-hydroxy-3-methoxyphenyl)-2-(hydroxymethyl)-2,3-dihydro-1,4-benzodioxin-6-yl]chromen-4-one",COc1cc([C@@H]2Oc3cc(-c4oc5cc(O)cc(O)c5c(=O)c4O)ccc3O[C@@H]2CO)ccc1O,1
"2-[(2R,3S)-3-(3,4-dimethoxyphenyl)-2-(hydroxymethyl)-2,3-dihydro-1,4-benzodioxin-6-yl]-3,5,7-trihydroxychromen-4-one",COc1ccc([C@@H]2Oc3cc(-c4oc5cc(O)cc(O)c5c(=O)c4O)ccc3O[C@@H]2CO)cc1OC,1
1-[4-[(2S)-3-[4-(4-fluorophenyl)piperazin-1-yl]-2-hydroxypropoxy]phenyl]ethanone,CC(=O)c1ccc(OC[C@@H](O)CN2CCN(c3ccc(F)cc3)CC2)cc1,1
methyl4-[[(2R)-2-hydroxy-3-[2-(3-phenylpropanoyl)phenoxy]propyl]amino]benzoate,COC(=O)c1ccc(NC[C@H](O)COc2ccccc2C(=O)CCc2ccccc2)cc1,1
methyl4-[[(2R)-2-hydroxy-3-[2-(3-phenylpropanoyl)phenoxy]propyl]amino]benzoate,COC(=O)c1ccc(NC[C@@H](O)COc2ccccc2C(=O)CCc2ccccc2)cc1,1
1-[2-[(2S)-3-[di(propan-2-yl)amino]-2-hydroxypropoxy]-5-hydroxyphenyl]-3-phenylpropan-1-one,CC(C)N(C[C@H](O)COc1ccc(O)cc1C(=O)CCc1ccccc1)C(C)C,1
1-[2-[(2S)-3-(4-benzylpiperidin-1-yl)-2-hydroxypropoxy]phenyl]ethanone,CC(=O)c1ccccc1OC[C@@H](O)CN1CCC(Cc2ccccc2)CC1,1
Discretamine,COc1cc2c(cc1O)[C@@H]1Cc3ccc(OC)c(O)c3CN1CC2,1
1-[2-[(2R)-2-hydroxy-3-[4-(2-methylphenyl)piperazin-1-yl]propoxy]phenyl]-3-(4-methylphenyl)propan-1-one,Cc1ccc(CCC(=O)c2ccccc2OC[C@H](O)CN2CCN(c3ccccc3C)CC2)cc1,1
1-[4-[(2R)-2-hydroxy-3-morpholin-4-ylpropoxy]phenyl]-3-phenylpropan-1-one,O=C(CCc1ccccc1)c1ccc(OC[C@H](O)CN2CCOCC2)cc1,1
1-[4-[(2R)-2-hydroxy-3-morpholin-4-ylpropoxy]phenyl]-3-phenylpropan-1-one,O=C(CCc1ccccc1)c1ccc(OC[C@@H](O)CN2CCOCC2)cc1,1
1-[2-[(2R)-3-(dipropylamino)-2-hydroxypropoxy]-5-hydroxyphenyl]-3-phenylpropan-1-one,CCCN(CCC)C[C@@H](O)COc1ccc(O)cc1C(=O)CCc1ccccc1,1
1-[2-[(2S)-2-hydroxy-3-piperidin-1-ylpropoxy]-5-phenoxyphenyl]-3-phenylpropan-1-one,O=C(CCc1ccccc1)c1cc(Oc2ccccc2)ccc1OC[C@@H](O)CN1CCCCC1,1
1-[2-[(2S)-2-hydroxy-3-piperidin-1-ylpropoxy]-5-phenylmethoxyphenyl]-3-phenylpropan-1-one,O=C(CCc1ccccc1)c1cc(OCc2ccccc2)ccc1OC[C@@H](O)CN1CCCCC1,1
1-[2-[(2S)-3-[4-(4-fluorophenyl)piperazin-1-yl]-2-hydroxypropoxy]phenyl]-3-phenylpropan-1-one,O=C(CCc1ccccc1)c1ccccc1OC[C@@H](O)CN1CCN(c2ccc(F)cc2)CC1,1
"6,7-dihexoxy-5-methoxy-2-phenylchromen-4-one",CCCCCCOc1cc2oc(-c3ccccc3)cc(=O)c2c(OC)c1OCCCCCC,1
1-[2-[(2R)-2-hydroxy-3-[methyl(propyl)amino]propoxy]phenyl]-3-phenylpropan-1-one,CCCN(C)C[C@@H](O)COc1ccccc1C(=O)CCc1ccccc1,1
Diperocaine,O=C(Nc1ccccc1)OC[C@@H](CN1CCCCC1)OC(=O)Nc1ccccc1,1
(1R)-1-[2-[(2R)-2-hydroxy-3-piperidin-1-ylpropoxy]phenyl]-3-phenylpropan-1-ol,O[C@@H](COc1ccccc1[C@H](O)CCc1ccccc1)CN1CCCCC1,1
(1R)-1-[2-[(2S)-2-hydroxy-3-piperidin-1-ylpropoxy]phenyl]-3-phenylpropan-1-ol,O[C@H](COc1ccccc1[C@H](O)CCc1ccccc1)CN1CCCCC1,1
ditert-butylbis(hydroxymethyl)-diphenylBLAHdicarboxylate,CC(C)(C)OC(=O)N1[C@H]2C3[C@H](c4ccccc4)C4(CO)[C@@H]1C1[C@H](c5ccccc5)C2(CO)[C@@H]3N(C(=O)OC(C)(C)C)[C@H]14,1
(2S)-1-[2-[(1S)-3-phenyl-1-propan-2-yloxypropyl]phenoxy]-3-piperidin-1-ylpropan-2-ol,CC(C)O[C@@H](CCc1ccccc1)c1ccccc1OC[C@@H](O)CN1CCCCC1,1
"1-[3-[(2S)-3-[4-(2,3-dimethylphenyl)piperazin-1-yl]-2-hydroxypropoxy]phenyl]-3-phenylpropan-1-one",Cc1cccc(N2CCN(C[C@H](O)COc3cccc(C(=O)CCc4ccccc4)c3)CC2)c1C,1
1-[5-hydroxy-2-[(2S)-2-hydroxy-3-piperidin-1-ylpropoxy]phenyl]-3-phenylpropan-1-one,O=C(CCc1ccccc1)c1cc(O)ccc1OC[C@@H](O)CN1CCCCC1,1
1-[4-[(2R)-3-[4-(4-fluorophenyl)piperazin-1-yl]-2-hydroxypropoxy]phenyl]-3-phenylpropan-1-one,O=C(CCc1ccccc1)c1ccc(OC[C@H](O)CN2CCN(c3ccc(F)cc3)CC2)cc1,1
"1-[4-[(2R)-3-[4-(2,3-dimethylphenyl)piperazin-1-yl]-2-hydroxypropoxy]phenyl]-3-phenylpropan-1-one",Cc1cccc(N2CCN(C[C@@H](O)COc3ccc(C(=O)CCc4ccccc4)cc3)CC2)c1C,1
1-[4-[(2R)-3-[4-(4-fluorophenyl)piperazin-1-yl]-2-hydroxypropoxy]phenyl]-3-phenylpropan-1-one,O=C(CCc1ccccc1)c1ccc(OC[C@@H](O)CN2CCN(c3ccc(F)cc3)CC2)cc1,1
dimethylbis(hydroxymethyl)-diphenylBLAHdicarboxylate,COC(=O)N1[C@H]2C3[C@H]4N(C(=O)OC)[C@@H]5C([C@@H](c6ccccc6)C24CO)[C@H]1C5(CO)[C@H]3c1ccccc1,1
[2-[(2R)-3-[4-(4-fluorophenyl)piperazin-1-yl]-2-hydroxypropoxy]phenyl]-phenylmethanone,O=C(c1ccccc1)c1ccccc1OC[C@H](O)CN1CCN(c2ccc(F)cc2)CC1,1
"2-[(2R,3S)-3-(3,4-dihydroxyphenyl)-2-(hydroxymethyl)-2,3-dihydro-1,4-benzodioxin-6-yl]-3,5,7-trihydroxychromen-4-one",O=c1c(O)c(-c2ccc3c(c2)O[C@@H](c2ccc(O)c(O)c2)[C@@H](CO)O3)oc2cc(O)cc(O)c12,1
3-(4-dimethylaminophenyl)-1-[2-[(2S)-2-hydroxy-3-[4-(2-methylphenyl)piperazin-1-yl]propoxy]-4-methoxyphenyl]propan-1-one,COc1ccc(C(=O)CCc2ccc(N(C)C)cc2)c(OC[C@@H](O)CN2CCN(c3ccccc3C)CC2)c1,1
1-[4-[(2R)-3-[di(propan-2-yl)amino]-2-hydroxypropoxy]phenyl]-3-phenylpropan-1-one,CC(C)N(C[C@@H](O)COc1ccc(C(=O)CCc2ccccc2)cc1)C(C)C,1
1-[3-[(2S)-2-hydroxy-3-[4-(2-methylphenyl)piperazin-1-yl]propoxy]phenyl]-3-phenylpropan-1-one,Cc1ccccc1N1CCN(C[C@H](O)COc2cccc(C(=O)CCc3ccccc3)c2)CC1,1
1-[3-[(2R)-3-[4-(4-fluorophenyl)piperazin-1-yl]-2-hydroxypropoxy]phenyl]-3-phenylpropan-1-one,O=C(CCc1ccccc1)c1cccc(OC[C@H](O)CN2CCN(c3ccc(F)cc3)CC2)c1,1
(2S)-1-[4-(4-fluorophenyl)piperazin-1-yl]-3-(4-methoxyphenoxy)propan-2-ol,COc1ccc(OC[C@@H](O)CN2CCN(c3ccc(F)cc3)CC2)cc1,1
1-[2-[(2S)-2-hydroxy-3-(4-phenylpiperazin-1-yl)propoxy]phenyl]-3-phenylpropan-1-one,O=C(CCc1ccccc1)c1ccccc1OC[C@@H](O)CN1CCN(c2ccccc2)CC1,1
1-[4-[(2R)-3-(dipropylamino)-2-hydroxypropoxy]phenyl]-3-phenylpropan-1-one,CCCN(CCC)C[C@@H](O)COc1ccc(C(=O)CCc2ccccc2)cc1,1
"1-[(2S)-2-hydroxy-3-[4-(2-methylphenyl)piperazin-1-yl]propyl]-5-methyl-2-phenyl-4-(3-phenylpropanoyl)pyrazole-1,2-diium-3-one",Cc1ccccc1N1CCN(C[C@H](O)Cn2c(C)c(C(=O)CCc3ccccc3)c(=O)n2-c2ccccc2)CC1,1
1-[2-[(2S)-2-hydroxy-3-[4-(3-methoxyphenyl)piperazin-1-yl]propoxy]phenyl]-3-phenylpropan-1-one,COc1cccc(N2CCN(C[C@H](O)COc3ccccc3C(=O)CCc3ccccc3)CC2)c1,1
1-[2-[(2S)-3-(dimethylamino)-2-hydroxypropoxy]phenyl]-3-phenylpropan-1-one,CN(C)C[C@H](O)COc1ccccc1C(=O)CCc1ccccc1,1
1-[2-[(2S)-3-(4-benzylpiperazin-1-yl)-2-hydroxypropoxy]phenyl]-3-phenylpropan-1-one,O=C(CCc1ccccc1)c1ccccc1OC[C@@H](O)CN1CCN(Cc2ccccc2)CC1,1
1-[2-[(2S)-3-(4-benzylpiperazin-1-yl)-2-hydroxypropoxy]phenyl]-3-phenylpropan-1-one,O=C(CCc1ccccc1)c1ccccc1OC[C@H](O)CN1CCN(Cc2ccccc2)CC1,1
(2R)-1-[2-[(1S)-1-methoxy-3-phenylpropyl]phenoxy]-3-piperidin-1-ylpropan-2-ol,CO[C@@H](CCc1ccccc1)c1ccccc1OC[C@H](O)CN1CCCCC1,1
(2R)-1-[2-[(1R)-1-methoxy-3-phenylpropyl]phenoxy]-3-piperidin-1-ylpropan-2-ol,CO[C@H](CCc1ccccc1)c1ccccc1OC[C@H](O)CN1CCCCC1,1
[(2S)-1-[2-(3-phenylpropanoyl)phenoxy]-3-piperidin-1-ylpropan-2-yl]acetate,CC(=O)O[C@H](COc1ccccc1C(=O)CCc1ccccc1)CN1CCCCC1,1
1-[2-[(2S)-2-hydroxy-3-[4-(4-methoxyphenyl)piperazin-1-yl]propoxy]phenyl]-3-phenylpropan-1-one,COc1ccc(N2CCN(C[C@H](O)COc3ccccc3C(=O)CCc3ccccc3)CC2)cc1,1
1-[2-[(2R)-2-hydroxy-3-piperidin-1-ylpropoxy]phenyl]-3-phenylpropan-1-one,O=C(CCc1ccccc1)c1ccccc1OC[C@H](O)CN1CCCCC1,1
3-(4-dimethylaminophenyl)-1-[2-[(2R)-2-hydroxy-3-[4-(2-methylphenyl)piperazin-1-yl]propoxy]phenyl]propan-1-one,Cc1ccccc1N1CCN(C[C@@H](O)COc2ccccc2C(=O)CCc2ccc(N(C)C)cc2)CC1,1
2-[4-(2-methoxyphenyl)piperazin-1-yl]-1-(3-phenethyl-1-benzofuran-2-yl)ethanone,COc1ccccc1N1CCN(CC(=O)c2oc3ccccc3c2CCc2ccccc2)CC1,1
1-[2-[(2R)-2-hydroxy-3-[4-(2-methoxyphenyl)piperazin-1-yl]propoxy]phenyl]-3-phenylpropan-1-one,COc1ccccc1N1CCN(C[C@@H](O)COc2ccccc2C(=O)CCc2ccccc2)CC1,1
1-[2-[(2R)-2-hydroxy-3-[4-(2-methoxyphenyl)piperazin-1-yl]propoxy]phenyl]-3-phenylpropan-1-one,COc1ccccc1N1CCN(C[C@H](O)COc2ccccc2C(=O)CCc2ccccc2)CC1,1
1-[2-[(2S)-3-(diethylamino)-2-hydroxypropoxy]phenyl]-3-phenylpropan-1-one,CCN(CC)C[C@H](O)COc1ccccc1C(=O)CCc1ccccc1,1
1-[2-[(2S)-3-(diethylamino)-2-hydroxypropoxy]phenyl]-3-phenylpropan-1-one,CCN(CC)C[C@@H](O)COc1ccccc1C(=O)CCc1ccccc1,1
"4-benzoyl-1-[(2S)-2-hydroxy-3-[4-(2-methylphenyl)piperazin-1-yl]propyl]-5-methyl-2-phenylpyrazole-1,2-diium-3-one",Cc1ccccc1N1CCN(C[C@H](O)Cn2c(C)c(C(=O)c3ccccc3)c(=O)n2-c2ccccc2)CC1,1
1-[2-[(2R)-2-hydroxy-3-pyrrolidin-1-ylpropoxy]phenyl]-3-phenylpropan-1-one,O=C(CCc1ccccc1)c1ccccc1OC[C@H](O)CN1CCCC1,1
1-[4-methoxy-2-[3-[4-(2-methylphenyl)piperazin-1-yl]-2-oxopropoxy]phenyl]-3-phenylpropan-1-one,COc1ccc(C(=O)CCc2ccccc2)c(OCC(=O)CN2CCN(c3ccccc3C)CC2)c1,1
1-[4-[(2R)-2-hydroxy-3-piperidin-1-ylpropoxy]phenyl]-3-phenylpropan-1-one,O=C(CCc1ccccc1)c1ccc(OC[C@@H](O)CN2CCCCC2)cc1,1
1-[4-[(2R)-2-hydroxy-3-piperidin-1-ylpropoxy]phenyl]-3-phenylpropan-1-one,O=C(CCc1ccccc1)c1ccc(OC[C@H](O)CN2CCCCC2)cc1,1
1-[3-[(2R)-2-hydroxy-3-piperidin-1-ylpropoxy]phenyl]-3-phenylpropan-1-one,O=C(CCc1ccccc1)c1cccc(OC[C@H](O)CN2CCCCC2)c1,1
1-[2-[4-[4-(4-fluorophenyl)piperazin-1-yl]butoxy]phenyl]-3-phenylpropan-1-one,O=C(CCc1ccccc1)c1ccccc1OCCCCN1CCN(c2ccc(F)cc2)CC1,1
2-[4-[2-[2-[2-(3-methoxyphenyl)ethyl]phenoxy]ethyl]piperazin-1-yl]pyrimidine,COc1cccc(CCc2ccccc2OCCN2CCN(c3ncccn3)CC2)c1,1
2-[4-[5-[2-[2-(3-methoxyphenyl)ethyl]phenoxy]pentyl]piperazin-1-yl]pyrimidine,COc1cccc(CCc2ccccc2OCCCCCN2CCN(c3ncccn3)CC2)c1,1
1-(4-fluorophenyl)-4-[5-[2-[2-(3-methoxyphenyl)ethyl]phenoxy]pentyl]piperazine,COc1cccc(CCc2ccccc2OCCCCCN2CCN(c3ccc(F)cc3)CC2)c1,1
[2-[(2R)-3-(diethylamino)-2-hydroxypropoxy]phenyl]-phenylmethanone,CCN(CC)C[C@@H](O)COc1ccccc1C(=O)c1ccccc1,1
2-[4-[4-[2-[2-(3-methoxyphenyl)ethyl]phenoxy]butyl]piperazin-1-yl]pyrimidine,COc1cccc(CCc2ccccc2OCCCCN2CCN(c3ncccn3)CC2)c1,1
1-[2-(4-morpholin-4-ylbutoxy)phenyl]-3-phenylpropan-1-one,O=C(CCc1ccccc1)c1ccccc1OCCCCN1CCOCC1,1
10-(3-piperidin-1-ylpropyl)acridin-10-ium-9-one,O=c1c2ccccc2n(CCCN2CCCCC2)c2ccccc12,1
3-phenyl-1-[2-(5-piperidin-1-ylpentoxy)phenyl]propan-1-one,O=C(CCc1ccccc1)c1ccccc1OCCCCCN1CCCCC1,1
3-phenyl-1-[2-(8-piperidin-1-yloctoxy)phenyl]propan-1-one,O=C(CCc1ccccc1)c1ccccc1OCCCCCCCCN1CCCCC1,1
3-phenyl-1-[2-(6-piperidin-1-ylhexoxy)phenyl]propan-1-one,O=C(CCc1ccccc1)c1ccccc1OCCCCCCN1CCCCC1,1
3-phenyl-1-[2-(7-piperidin-1-ylheptoxy)phenyl]propan-1-one,O=C(CCc1ccccc1)c1ccccc1OCCCCCCCN1CCCCC1,1
3-phenyl-1-[2-(4-piperidin-1-ylbutoxy)phenyl]propan-1-one,O=C(CCc1ccccc1)c1ccccc1OCCCCN1CCCCC1,1
3-phenyl-1-[2-(3-piperidin-1-ylpropoxy)phenyl]propan-1-one,O=C(CCc1ccccc1)c1ccccc1OCCCN1CCCCC1,1
1-[2-(3-phenethyl-1-benzofuran-2-yl)ethyl]piperidine,c1ccc(CCc2c(CCN3CCCCC3)oc3ccccc23)cc1,1
10-(4-piperidin-1-ylbutyl)acridin-10-ium-9-one,O=c1c2ccccc2n(CCCCN2CCCCC2)c2ccccc12,1
3-phenyl-1-[2-(2-piperidin-1-ylethoxy)phenyl]propan-1-one,O=C(CCc1ccccc1)c1ccccc1OCCN1CCCCC1,1
GF120918(Elacridar),COc1cc2c(cc1OC)CN(CCc1ccc(NC(=O)c3cccc4c(=O)c5cccc(OC)c5[nH]c34)cc1)CC2,1
"N-[4-[2-[(2R)-6,7-dimethoxy-3,4-dihydro-1H-isoquinolin-2-yl]ethyl]phenyl]isoquinoline-3-carboxamide",COc1cc2c(cc1OC)CN(CCc1ccc(NC(=O)c3cc4ccccc4cn3)cc1)CC2,1
"N-[4-[2-[(2S)-6,7-dimethoxy-3,4-dihydro-1H-isoquinolin-2-yl]ethyl]phenyl]quinoline-4-carboxamide",COc1cc2c(cc1OC)CN(CCc1ccc(NC(=O)c3ccnc4ccccc34)cc1)CC2,1
"N-[4-[2-[(2S)-6,7-dimethoxy-3,4-dihydro-1H-isoquinolin-2-yl]ethyl]phenyl]quinoline-3-carboxamide",COc1cc2c(cc1OC)CN(CCc1ccc(NC(=O)c3cnc4ccccc4c3)cc1)CC2,1
"N-[4-[2-[(2S)-6,7-dimethoxy-3,4-dihydro-1H-isoquinolin-2-yl]ethyl]phenyl]pyridine-3-carboxamide",COc1cc2c(cc1OC)CN(CCc1ccc(NC(=O)c3cccnc3)cc1)CC2,1
"N-[2-[[4-[2-[(2R)-6,7-dimethoxy-3,4-dihydro-1H-isoquinolin-2-yl]ethyl]phenyl]carbamoyl]phenyl]naphthalene-1-carboxamide",COc1cc2c(cc1OC)CN(CCc1ccc(NC(=O)c3ccccc3NC(=O)c3cccc4ccccc34)cc1)CC2,1
"4-amino-N-[4-[2-[(2R)-6,7-dimethoxy-3,4-dihydro-1H-isoquinolin-2-yl]ethyl]phenyl]benzamide",COc1cc2c(cc1OC)CN(CCc1ccc(NC(=O)c3ccc(N)cc3)cc1)CC2,1
"2-amino-N-[4-[2-[(2S)-6,7-dimethoxy-3,4-dihydro-1H-isoquinolin-2-yl]ethyl]phenyl]benzamide",COc1cc2c(cc1OC)CN(CCc1ccc(NC(=O)c3ccccc3N)cc1)CC2,1
"4-bromo-N-[4-[2-[(2S)-6,7-dimethoxy-3,4-dihydro-1H-isoquinolin-2-yl]ethyl]phenyl]benzamide",COc1cc2c(cc1OC)CN(CCc1ccc(NC(=O)c3ccc(Br)cc3)cc1)CC2,1
"N-[4-[2-[(2R)-6,7-dimethoxy-3,4-dihydro-1H-isoquinolin-2-yl]ethyl]phenyl]-3,4-dimethoxybenzamide",COc1ccc(C(=O)Nc2ccc(CCN3CCc4cc(OC)c(OC)cc4C3)cc2)cc1OC,1
"N-[4-[2-[(2S)-6,7-dimethoxy-3,4-dihydro-1H-isoquinolin-2-yl]ethyl]phenyl]quinoline-6-carboxamide",COc1cc2c(cc1OC)CN(CCc1ccc(NC(=O)c3ccc4ncccc4c3)cc1)CC2,1
"N-[4-[2-[(2R)-6,7-dimethoxy-3,4-dihydro-1H-isoquinolin-2-yl]ethyl]phenyl]quinoxaline-2-carboxamide",COc1cc2c(cc1OC)CN(CCc1ccc(NC(=O)c3cnc4ccccc4n3)cc1)CC2,1